No.,Time,Source,Source port,Destination,Destination port,Protocol,Length,Info,Date time
1,367898.154185,54.216.1.110,443.0,10.42.0.49,61388.0,TLSv1.2,123,Application Data,0.033629
2,177495.788462,10.42.0.49,52432.0,10.42.0.13,58685.0,HTTP,491,Continuation,0.006762
3,1182027.842388,10.42.0.49,61395.0,99.81.71.200,443.0,TCP,54,61395  >  443 [ACK] Seq=26889 Ack=33142 Win=55380 Len=0,0.234363
4,1154270.137854,10.42.0.49,61395.0,99.81.71.200,443.0,TCP,54,61395  >  443 [ACK] Seq=23393 Ack=191790 Win=4497 Len=0,0.315178
5,1184202.571398,10.42.0.13,5353.0,10.42.0.49,5353.0,MDNS,87,"Standard query 0x0000 SRV MSS210-9f39._hap._tcp.local, ""QU"" question",0.001966
6,354839.994036,10.42.0.49,5353.0,10.42.0.13,5353.0,MDNS,174,"Standard query response 0x0000 TXT MSS210-9f39._hap._tcp.local, ""QU"" question TXT",0.009639
7,160923.209074,10.42.0.49,52432.0,10.42.0.13,58685.0,HTTP,135,HTTP/1.1 200 OK  (application/pairing+tlv8),0.046275
8,357593.736315,10.42.0.49,52432.0,10.42.0.13,61982.0,HTTP,1096,Continuation,0.006665
9,255908.160526,10.42.0.13,52708.0,10.42.0.49,52432.0,TCP,54,59808  >  52432 [ACK] Seq=496 Ack=1781 Win=65535 Len=0,0.002956
10,179417.373741,10.42.0.28,58272.0,54.170.92.104,443.0,TCP,54,58272  >  443 [ACK] Seq=149220 Ack=49133 Win=2702 Len=0,0.013141
11,1138252.80271,10.42.0.49,52432.0,10.42.0.13,50811.0,TCP,54,52432  >  50602 [ACK] Seq=1781 Ack=497 Win=5344 Len=0,0.000339
12,352987.517113,10.42.0.13,61814.0,10.42.0.49,52432.0,HTTP,136,Continuation,0.003877
13,1159421.380883,10.42.0.13,50994.0,10.42.0.49,52432.0,HTTP,305,POST /pair-verify HTTP/1.1  (application/pairing+tlv8),0.001447
14,372870.522799,10.42.0.13,61017.0,10.42.0.28,80.0,TCP,54,61001  >  80 [ACK] Seq=1 Ack=1 Win=65535 Len=0,0.00695
15,411000.307793,10.42.0.49,5353.0,10.42.0.13,5353.0,MDNS,174,"Standard query response 0x0000 TXT MSS210-9f39._hap._tcp.local, ""QU"" question TXT",0.000695
16,370701.405083,10.42.0.13,51394.0,10.42.0.28,80.0,HTTP,182,POST /app/request?seq=1394170153 HTTP/1.1  (application/x-www-form-urlencoded),8e-06
17,1132528.463013,10.42.0.13,50391.0,10.42.0.49,52432.0,TCP,54,50331  >  52432 [ACK] Seq=163 Ack=221 Win=65535 Len=0,0.002011
18,406943.193833,10.42.0.13,51466.0,10.42.0.49,80.0,TCP,54,51447  >  80 [ACK] Seq=515 Ack=104 Win=65535 Len=0,0.007821
19,347031.499026,10.42.0.13,61761.0,10.42.0.49,52432.0,TCP,78,61929  >  52432 [SYN] Seq=0 Win=65535 Len=0 MSS=1460 WS=64 TSval=496572269,
20,377236.508011,10.42.0.13,58601.0,10.42.0.49,52432.0,TCP,54,[TCP Keep-Alive] 61823  >  52432 [ACK] Seq=495 Ack=1781 Win=65535 Len=0,0.000
21,421566.699695,10.42.0.49,52432.0,10.42.0.13,60026.0,HTTP,135,HTTP/1.1 200 OK  (application/pairing+tlv8),0.040987
22,349543.431832,10.42.0.28,55988.0,34.241.185.170,443.0,TCP,54,55988  >  443 [ACK] Seq=1499 Ack=3385 Win=2398 Len=0,0.007822
23,1184774.826415,10.42.0.49,61395.0,99.81.71.200,443.0,TCP,54,61395  >  443 [ACK] Seq=158769 Ack=15068 Win=4584 Len=0,0.117899
24,1170663.024977,10.42.0.49,61395.0,99.81.71.200,443.0,TCP,54,61395  >  443 [ACK] Seq=115636 Ack=18107 Win=5111 Len=0,0.131317
25,405121.698638,10.42.0.28,80.0,10.42.0.13,51523.0,TCP,54,"80  >  51515 [RST, ACK] Seq=1 Ack=1 Win=2920 Len=0",0.002395
26,160481.351366,10.42.0.28,80.0,10.42.0.13,59499.0,TCP,156,"80  >  59499 [PSH, ACK] Seq=1 Ack=499 Win=2422 Len=101 [TCP PDU reassembled in 71806]",
27,347556.338461,34.241.185.170,443.0,10.42.0.28,55988.0,TLSv1.2,123,Application Data,0.039974
28,1146776.123662,99.81.71.200,443.0,10.42.0.49,61395.0,TLSv1.2,123,Application Data,0.034267
29,233225.950162,10.42.0.13,50930.0,10.42.0.28,80.0,HTTP,182,POST /app/request?seq=171548781 HTTP/1.1  (application/x-www-form-urlencoded),1.1e-05
30,1138937.942717,10.42.0.49,5353.0,10.42.0.13,5353.0,MDNS,174,"Standard query response 0x0000 TXT MSS210-9f39._hap._tcp.local, ""QU"" question TXT",0.005567
31,158317.593631,54.170.92.104,443.0,10.42.0.28,58272.0,TLSv1.2,123,Application Data,0.034384
32,1163941.552076,10.42.0.49,61395.0,99.81.71.200,443.0,TCP,54,61395  >  443 [ACK] Seq=116196 Ack=14706537702 Len=88461107779336,
33,1184317.603717,10.42.0.49,61395.0,99.81.71.200,443.0,TLSv1.2,555,Application Data,0.102171
34,263572.509558,10.42.0.28,58273.0,52.212.130.239,443.0,TLSv1.2,123,Application Data,27.735876
35,1184691.616859,10.42.0.13,50624.0,10.42.0.49,52432.0,TCP,54,50486  >  52432 [ACK] Seq=414 Ack=302 Win=65535 Len=0,0.001481
36,1162133.669959,,,,,MDNS,194,"Standard query response 0x0000 TXT MSS210-9f39._hap._tcp.local, ""QU"" question TXT",0.
37,233708.955418,10.42.0.13,50774.0,10.42.0.28,80.0,TCP,78,[TCP Retransmission] 59770  >  80 [SYN] Seq=0 Win=65535 Len=0 MSS=1460 WS=64 TSval=46423 TSecr=,
38,25286.633709,10.42.0.49,61386.0,54.216.1.110,443.0,TLSv1.2,539,Application Data,0.138349
39,172311.555596,10.42.0.13,58497.0,10.42.0.28,80.0,TCP,78,"57815  >  80 [SYN, ECE, CWR, AE] Seq=0 Win=65535 Len=0 MSS=1460 WS=64 TSval=3377865",
40,1151349.175212,,,,,MDNS,290,"Standard query response 0x0000 PTR _hap._tcp.local, ""QU"" question PTR MSS210-9f39._hap._tcp.local SR",
41,1182412.485825,10.42.0.28,55990.0,52.212.130.239,443.0,TLSv1.2,123,Application Data,27.49864
42,1176260.677584,99.81.71.200,443.0,10.42.0.49,61395.0,TLSv1.2,123,Application Data,0.037375
43,254021.181611,10.42.0.13,59481.0,10.42.0.28,80.0,TCP,78,51296  >  80 [SYN] Seq=0 Win=65535 Len=0 MSS=1460 WS=64 TSval=2149817737 TSecr=0,
44,241714.927663,10.42.0.13,59474.0,10.42.0.49,52432.0,TCP,54,59466  >  52432 [ACK] Seq=497 Ack=1782 Win=65535 Len=0,0.023397
45,158252.478935,10.42.0.28,58272.0,54.170.92.104,443.0,TLSv1.2,123,Application Data,0.037814
46,1183202.738893,10.42.0.49,61395.0,99.81.71.200,443.0,TLSv1.2,539,Application Data,0.035676
47,1181339.925753,10.42.0.49,61395.0,99.81.71.200,443.0,TLSv1.2,123,Application Data,11.747872
48,417785.776308,10.42.0.13,62382.0,10.42.0.28,80.0,TCP,54,65282  >  80 [ACK] Seq=1 Ack=1 Win=65535 Len=0,0.012215
49,233224.51655,10.42.0.13,50980.0,10.42.0.49,52432.0,HTTP,305,POST /pair-verify HTTP/1.1  (application/pairing+tlv8),0.001336
50,324420.363052,10.42.0.49,5353.0,10.42.0.13,5353.0,MDNS,174,"Standard query response 0x0000 TXT MSS210-9f39._hap._tcp.local, ""QU"" question TXT",0.000127
51,377861.390561,10.42.0.28,55988.0,34.241.185.170,443.0,TCP,54,55988  >  443 [ACK] Seq=32066 Ack=16452 Win=2851 Len=0,0.241351
52,324275.500752,10.42.0.49,61387.0,54.216.1.110,443.0,TCP,54,61387  >  443 [ACK] Seq=157952 Ack=1447 Win=5844 Len=0,0.045792
53,1144511.909611,10.42.0.13,50526.0,10.42.0.49,52432.0,TCP,54,50552  >  52432 [ACK] Seq=496 Ack=1781 Win=65535 Len=0,0.003888
54,349477.080865,10.42.0.49,5353.0,224.0.0.251,5353.0,MDNS,305,"Standard query response 0x0000 PTR MSS210-9f39._hap._tcp.local SRV, cache flush 0 0 52432 Meross_Smart_Plug.local TXT, cache flush A,",
55,316253.367214,,,,,MDNS,107,"Standard query 0x0000 TXT MSS210-9f39._hap._tcp.local, ""QU"" question",7.736
56,355.768595,10.42.0.49,52432.0,10.42.0.140,61983.0,TCP,54,52432  >  60831 [ACK] Seq=1 Ack=163 Win=5678 Len=0,0.280106
57,422107.650323,10.42.0.49,52432.0,10.42.0.13,62620.0,HTTP,274,HTTP/1.1 200 OK  (application/pairing+tlv8),0.370833
58,1135711.265346,10.42.0.13,50557.0,10.42.0.49,52432.0,TCP,54,[TCP Keep-Alive] 50412  >  52432 [ACK] Seq=495 Ack=1781 Win=65535 Len=0,0.22
59,320369.665162,10.42.0.13,60863.0,10.42.0.49,52432.0,TCP,54,[TCP Keep-Alive] 62432  >  52432 [ACK] Seq=495 Ack=1781 Win=65535 Len=0,0.105
60,255329.624005,10.42.0.49,52432.0,10.42.0.13,59755.0,TCP,54,52432  >  59753 [ACK] Seq=1781 Ack=497 Win=5344 Len=0,0.037027
61,422969.770067,10.42.0.49,61389.0,54.216.1.110,443.0,TCP,54,61389  >  443 [ACK] Seq=142229 Ack=17805 Win=4584 Len=0,0.370239
62,246583.064251,10.42.0.13,52311.0,10.42.0.28,80.0,TCP,78,52341  >  80 [SYN] Seq=0 Win=65535 Len=0 MSS=1460 WS=64 TSval=1212314326 TSecr=0,
63,158241.666334,10.42.0.13,62493.0,10.42.0.49,52432.0,TCP,54,62832  >  52432 [ACK] Seq=496 Ack=1781 Win=65535 Len=0,0.010496
64,253042.831445,10.42.0.28,58273.0,52.212.130.239,443.0,TLSv1.2,315,Application Data,0.006366
65,1183202.518436,10.42.0.49,61395.0,99.81.71.200,443.0,TCP,54,61395  >  443 [ACK] Seq=230609 Ack=15068 Win=4584 Len=0,0.146682
66,354118.749352,10.42.0.49,52432.0,10.42.0.13,61871.0,HTTP,274,HTTP/1.1 200 OK  (application/pairing+tlv8),0.283126
67,408841.292079,10.42.0.13,62392.0,10.42.0.49,52432.0,HTTP,305,POST /pair-verify HTTP/1.1  (application/pairing+tlv8),0.01225
68,158358.932898,10.42.0.28,58272.0,54.170.92.104,443.0,TCP,54,58272  >  443 [ACK] Seq=10656 Ack=7598 Win=2857 Len=0,0.106623
69,1176705.649647,10.42.0.49,52432.0,10.42.0.13,50811.0,TCP,54,52432  >  50548 [ACK] Seq=1781 Ack=497 Win=5344 Len=0,0.007787
70,1156829.152602,10.42.0.13,50995.0,10.42.0.49,52432.0,TCP,54,50999  >  52432 [ACK] Seq=163 Ack=221 Win=65535 Len=0,0.000881
71,1177747.68165,10.42.0.49,52432.0,10.42.0.13,50746.0,HTTP,1096,Continuation,0.006088
72,158263.07742,10.42.0.13,58681.0,10.42.0.49,52432.0,TCP,78,58682  >  52432 [SYN] Seq=0 Win=65535 Len=0 MSS=1460 WS=64 TSval=3725883643,
73,383252.34633,10.42.0.28,55987.0,34.241.185.170,443.0,TCP,54,55988  >  443 [ACK] Seq=23576 Ack=31726 Win=220 Len=0,0.109275
74,235625.338515,,,,,MDNS,282,"Standard query response 0x0000 PTR _hap._tcp.local, ""QU"" question PTR MSS210-9f39._hap._tcp.local SRV",
75,171142.047342,10.42.0.49,5353.0,10.42.0.13,5353.0,MDNS,174,"Standard query response 0x0000 TXT MSS210-9f39._hap._tcp.local, ""QU"" question TXT",0.005847
76,252873.752172,10.42.0.13,59756.0,10.42.0.28,80.0,TCP,78,"52785  >  80 [SYN, ECE, CWR, AE] Seq=0 Win=65535 Len=0 MSS=1460 WS=64 TSval=1000529",
77,1156260.349437,10.42.0.49,5353.0,10.42.0.13,5353.0,MDNS,174,"Standard query response 0x0000 TXT MSS210-9f39._hap._tcp.local, ""QU"" question TXT",0.002152
78,351016.709783,54.216.1.110,443.0,10.42.0.49,61388.0,TLSv1.2,123,Application Data,0.037266
79,158334.49266,54.170.92.104,443.0,10.42.0.28,58272.0,TLSv1.2,123,Application Data,0.036997
80,369401.426277,10.42.0.49,61388.0,54.216.1.110,443.0,TCP,54,61388  >  443 [ACK] Seq=27176 Ack=30448 Win=5702 Len=0,0.069021
81,424732.692423,10.42.0.13,5353.0,10.42.0.49,5353.0,MDNS,87,"Standard query 0x0000 TXT MSS210-9f39._hap._tcp.local, ""QU"" question",0.031721
82,240455.475548,10.42.0.13,59696.0,10.42.0.49,52432.0,HTTP,136,Continuation,0.004652
83,1182718.889821,10.42.0.13,50948.0,10.42.0.49,52432.0,TCP,54,50499  >  52432 [ACK] Seq=163 Ack=221 Win=65535 Len=0,0.004118
84,179412.235864,10.42.0.13,58498.0,10.42.0.49,52432.0,HTTP,216,POST /pair-verify HTTP/1.1  (application/pairing+tlv8),0.00155
85,234174.569967,10.42.0.28,80.0,10.42.0.13,50743.0,TCP,58,"80  >  50768 [SYN, ACK] Seq=0 Ack=1 Win=2920 Len=0 MSS=1460",0.003952
86,248458.413679,10.42.0.13,57716.0,10.42.0.28,80.0,TCP,54,"57781  >  80 [FIN, ACK] Seq=482 Ack=441 Win=65535 Len=0",0.000104
87,366039.535672,10.42.0.13,59698.0,10.42.0.49,52432.0,TCP,54,59894  >  52432 [ACK] Seq=497 Ack=1782 Win=65535 Len=0,0.079761
88,377245.870139,10.42.0.49,5353.0,10.42.0.13,5353.0,MDNS,174,"Standard query response 0x0000 TXT MSS210-9f39._hap._tcp.local, ""QU"" question TXT",0.000903
89,405107.539663,10.42.0.28,80.0,10.42.0.13,51469.0,TCP,58,"80  >  51416 [SYN, ACK] Seq=0 Ack=1 Win=2920 Len=0 MSS=1460",0.001022
90,261153.386483,10.42.0.13,51056.0,10.42.0.49,52432.0,TCP,54,59454  >  52432 [ACK] Seq=496 Ack=1344 Win=65535 Len=0,0.005167
91,423207.55744,10.42.0.13,59456.0,10.42.0.49,52432.0,TCP,54,59483  >  52432 [ACK] Seq=496 Ack=1344 Win=65535 Len=0,0.005534
92,263465.577782,10.42.0.49,5353.0,10.42.0.13,5353.0,MDNS,174,"Standard query response 0x0000 TXT MSS210-9f39._hap._tcp.local, ""QU"" question TXT",0.003041
93,243590.452794,10.42.0.49,5353.0,10.42.0.13,5353.0,MDNS,174,"Standard query response 0x0000 TXT MSS210-9f39._hap._tcp.local, ""QU"" question TXT",0.091164
94,351015.483277,54.216.1.110,443.0,10.42.0.49,61388.0,TLSv1.2,123,Application Data,0.036549
95,353900.653486,10.42.0.13,61764.0,10.42.0.49,52432.0,HTTP,216,POST /pair-verify HTTP/1.1  (application/pairing+tlv8),0.001342
96,158300.585499,54.170.92.104,443.0,10.42.0.28,58272.0,TCP,54,443  >  58272 [ACK] Seq=75414 Ack=634156 Win=6402 Len=0,0.078857
97,350981.36103,10.42.0.49,61388.0,54.216.1.110,443.0,TLSv1.2,539,Application Data,0.148696
98,249470.599115,10.42.0.49,61386.0,54.216.1.110,443.0,TLSv1.2,555,Application Data,0.088692
99,325891.552942,10.42.0.49,61388.0,54.216.1.110,443.0,TLSv1.2,123,Application Data,17.235113
100,236054.978873,10.42.0.49,52432.0,10.42.0.13,59838.0,HTTP,1096,Continuation,0.006128
101,1143445.135496,10.42.0.13,50494.0,10.42.0.49,52432.0,TCP,78,"50484  >  52432 [SYN, ACK] Seq=0 Ack=1 Win=5840 Len=0 MSS=1460",0.00216
102,315986.49224,10.42.0.49,52432.0,10.42.0.13,60841.0,TCP,54,52432  >  60906 [ACK] Seq=1781 Ack=497 Win=5344 Len=0,0.001565
103,350991.694096,10.42.0.13,5353.0,10.42.0.49,5353.0,MDNS,87,"Standard query 0x0000 TXT MSS210-9f39._hap._tcp.local, ""QU"" question",0.002367
104,161482.394585,10.42.0.49,5353.0,224.0.0.251,5353.0,MDNS,291,"Standard query response 0x0000 TXT, cache flush SRV, cache flush 0 0 52432 Meross_Smart_Plug.local A, cache flush 10.42.0.49 AAAA",
105,352515.121526,10.42.0.28,80.0,10.42.0.13,59441.0,TCP,156,"80  >  59496 [PSH, ACK] Seq=1 Ack=483 Win=2438 Len=102 [TCP PDU reassembled in 47636]",
106,405121.041303,10.42.0.13,51473.0,10.42.0.28,80.0,TCP,408,"51494  >  80 [PSH, ACK] Seq=1 Ack=1 Win=65535 Len=354 [TCP PDU reassembled in 47469]",0
107,323206.025926,10.42.0.49,5353.0,224.0.0.251,5353.0,MDNS,291,"Standard query response 0x0000 TXT, cache flush SRV, cache flush 0 0 52432 Meross_Smart_Plug.local A, cache flush 10.42.0.49 AAAA",
108,158385.400873,54.170.92.104,443.0,10.42.0.28,58272.0,TCP,54,443  >  58272 [ACK] Seq=343148 Ack=6811 Win=6416 Len=0,0.003259
109,1151196.588598,10.42.0.28,55990.0,52.212.130.239,443.0,TLSv1.2,123,Application Data,14.917763
110,255025.739225,10.42.0.28,80.0,10.42.0.13,52716.0,TCP,54,80  >  52740 [ACK] Seq=1049 Ack=516 Win=2407 Len=0,0.000154
111,375231.046566,10.42.0.28,80.0,10.42.0.13,59688.0,HTTP,182,HTTP/1.1 200 OK  (text/html),0.000866
112,352650.806533,10.42.0.49,5353.0,10.42.0.13,5353.0,MDNS,174,"Standard query response 0x0000 TXT MSS210-9f39._hap._tcp.local, ""QU"" question TXT",0.008441
113,323046.007507,10.42.0.13,61093.0,10.42.0.49,52432.0,HTTP,216,POST /pair-verify HTTP/1.1  (application/pairing+tlv8),0.001124
114,321528.296747,10.42.0.13,5353.0,10.42.0.49,5353.0,MDNS,87,"Standard query 0x0000 TXT MSS210-9f39._hap._tcp.local, ""QU"" question",0.023906
115,162578.61052,10.42.0.49,61385.0,99.81.71.200,443.0,TLSv1.2,123,Application Data,54.567389
116,321243.20218,10.42.0.13,60952.0,10.42.0.49,52432.0,TCP,54,60924  >  52432 [ACK] Seq=414 Ack=302 Win=65535 Len=0,0.004797
117,1131194.791351,10.42.0.49,61395.0,99.81.71.200,443.0,TLSv1.2,123,Application Data,3.632373
118,371715.437272,10.42.0.13,60893.0,10.42.0.49,52432.0,TCP,54,60919  >  52432 [ACK] Seq=414 Ack=302 Win=65535 Len=0,0.039303
119,349453.033478,10.42.0.13,5353.0,10.42.0.49,5353.0,MDNS,87,"Standard query 0x0000 TXT MSS210-9f39._hap._tcp.local, ""QU"" question",0.198045
120,351060.045858,10.42.0.13,51383.0,10.42.0.28,80.0,TCP,407,"51381  >  80 [PSH, ACK] Seq=1 Ack=1 Win=65535 Len=354 [TCP PDU reassembled in 17774]",0
121,353966.5753,10.42.0.49,52432.0,10.42.0.140,6082.0,TCP,54,52432  >  60982 [ACK] Seq=1 Ack=163 Win=5678 Len=0,0.082134
122,351008.445745,10.42.0.49,52432.0,10.42.0.13,61823.0,TCP,54,"52432  >  61942 [FIN, ACK] Seq=1781 Ack=497 Win=5344 Len=0",0.008568
123,367495.856453,10.42.0.49,52432.0,10.42.0.13,61888.0,TCP,58,"52432  >  61838 [SYN, ACK] Seq=0 Ack=1 Win=5840 Len=0 MSS=1460",0.006538
124,251647.06237,10.42.0.49,52432.0,10.42.0.13,59842.0,TCP,54,"52432  >  59820 [FIN, ACK] Seq=1781 Ack=497 Win=5344 Len=0",0.000939
125,1141149.082411,10.42.0.49,5353.0,10.42.0.13,5353.0,MDNS,174,"Standard query response 0x0000 TXT MSS210-9f39._hap._tcp.local, ""QU"" question TXT",0.010898
126,356421.960152,,,,,MDNS,282,"Standard query response 0x0000 TXT MSS210-9f39._hap._tcp.local, ""QU"" question SRV MSS210-9",
127,423000.753927,10.42.0.49,5353.0,10.42.0.13,5353.0,MDNS,174,"Standard query response 0x0000 TXT MSS210-9f39._hap._tcp.local, ""QU"" question TXT",0.001167
128,416849.494811,10.42.0.49,61389.0,54.216.1.110,443.0,TCP,54,61389  >  443 [ACK] Seq=102042 Ack=12647 Win=4658 Len=0,0.278119
129,1152511.895322,10.42.0.13,50910.0,10.42.0.49,52432.0,TCP,78,50947  >  52432 [SYN] Seq=0 Win=65535 Len=0 MSS=1460 WS=64 TSval=37871196,
130,247589.460229,10.42.0.49,5353.0,10.42.0.13,5353.0,MDNS,270,"Standard query response 0x0000 PTR _hap._tcp.local, ""QU"" question PTR MSS210-9f39._hap._tcp.local SRV 0 0 52432 Meross_Smart_Plug",
131,1155550.471359,10.42.0.49,5353.0,10.42.0.13,5353.0,MDNS,174,"Standard query response 0x0000 TXT MSS210-9f39._hap._tcp.local, ""QU"" question TXT",0.01013
132,405132.276996,10.42.0.13,51453.0,10.42.0.28,80.0,TCP,54,"51695  >  80 [FIN, ACK] Seq=483 Ack=552 Win=65535 Len=0",0.000104
133,237702.624782,10.42.0.13,52778.0,10.42.0.28,80.0,TCP,54,57767  >  80 [ACK] Seq=482 Ack=103 Win=65535 Len=0,0.017456
134,374416.116297,10.42.0.13,5353.0,10.42.0.49,5353.0,MDNS,87,"Standard query 0x0000 TXT MSS210-9f39._hap._tcp.local, ""QU"" question",0.073373
135,362253.806278,,,,,MDNS,290,"Standard query response 0x0000 PTR _hap._tcp.local, ""QU"" question PTR MSS210-9f39._hap._tcp.local SRV",
136,371148.261666,,,,,MDNS,194,"Standard query response 0x0000 TXT MSS210-9f39._hap._tcp.local, ""QU"" question TXT",0.0
137,264549.933287,10.42.0.13,59482.0,10.42.0.49,52432.0,HTTP,216,POST /pair-verify HTTP/1.1  (application/pairing+tlv8),0.000122
138,1176938.950588,10.42.0.49,61395.0,99.81.71.200,443.0,TCP,54,61395  >  443 [ACK] Seq=50781 Ack=353066 Win=5206 Len=0,0.134445
139,158324.78589,10.42.0.49,52432.0,10.42.0.13,58270.0,TCP,54,[TCP Keep-Alive ACK] 52432  >  58455 [ACK] Seq=1781 Ack=496 Win=5345 Len=0,0.0024
140,405128.192509,10.42.0.13,51463.0,10.42.0.28,80.0,TCP,54,51496  >  80 [ACK] Seq=515 Ack=162 Win=65535 Len=0,0.000245
141,234290.388665,10.42.0.49,52432.0,10.42.0.13,59469.0,HTTP,274,HTTP/1.1 200 OK  (application/pairing+tlv8),0.045895
142,1154935.679463,10.42.0.49,5353.0,224.0.0.251,5353.0,MDNS,291,"Standard query response 0x0000 TXT, cache flush SRV, cache flush 0 0 52432 Meross_Smart_Plug.local A, cache flush 10.42.0.49 AAA",
143,250593.400201,10.42.0.28,80.0,10.42.0.13,52729.0,TCP,54,80  >  52726 [ACK] Seq=167 Ack=499 Win=2421 Len=0,0.000178
144,1144144.57889,10.42.0.13,50505.0,10.42.0.49,52432.0,TCP,54,50594  >  52432 [ACK] Seq=414 Ack=302 Win=65535 Len=0,0.000253
145,353958.721546,10.42.0.49,52432.0,10.42.0.13,61870.0,HTTP,135,HTTP/1.1 200 OK  (application/pairing+tlv8),0.036859
146,360743.050339,10.42.0.13,58964.0,10.42.0.49,52432.0,TCP,54,59427  >  52432 [ACK] Seq=496 Ack=1781 Win=65535 Len=0,0.005187
147,1167455.525824,10.42.0.13,50508.0,10.42.0.49,52432.0,HTTP,305,POST /pair-verify HTTP/1.1  (application/pairing+tlv8),0.018458
148,362842.02711,10.42.0.49,5353.0,10.42.0.13,5353.0,MDNS,174,"Standard query response 0x0000 TXT MSS210-9f39._hap._tcp.local, ""QU"" question TXT",0.000392
149,1180674.272977,10.42.0.49,5353.0,10.42.0.13,5353.0,MDNS,270,"Standard query response 0x0000 PTR _hap._tcp.local, ""QU"" question PTR MSS210-9f39._hap._tcp.local SRV 0 0 52432 Meross_Smart_Pl",
150,350978.814771,10.42.0.13,51724.0,10.42.0.28,80.0,TCP,408,"51366  >  80 [PSH, ACK] Seq=1 Ack=1 Win=65535 Len=354 [TCP PDU reassembled in 1265]",0.
151,382309.491249,10.42.0.13,61015.0,10.42.0.49,52432.0,HTTP,305,POST /pair-verify HTTP/1.1  (application/pairing+tlv8),0.016364
152,1174529.573236,10.42.0.13,50576.0,10.42.0.49,52432.0,HTTP,305,POST /pair-verify HTTP/1.1  (application/pairing+tlv8),0.016061
153,366650.532148,10.42.0.13,61938.0,10.42.0.49,52432.0,TCP,54,61881  >  52432 [ACK] Seq=496 Ack=1344 Win=65535 Len=0,0.000257
154,351020.268622,10.42.0.13,5353.0,10.42.0.28,80.0,TCP,54,51303  >  80 [ACK] Seq=482 Ack=103 Win=65535 Len=0,0.000445
155,252936.053018,10.42.0.28,80.0,10.42.0.13,52919.0,TCP,58,"80  >  52767 [SYN, ACK] Seq=0 Ack=1 Win=2920 Len=0 MSS=1460",0.001158
156,1141644.812944,10.42.0.13,5353.0,10.42.0.49,5353.0,MDNS,87,"Standard query 0x0000 SRV MSS210-9f39._hap._tcp.local, ""QU"" question",0.014234
157,1167720.042143,10.42.0.49,61395.0,99.81.71.200,443.0,TCP,54,61395  >  443 [ACK] Seq=16927 Ack=6222478 Win=5840 Len=0,0.256192
158,172092.236698,10.42.0.49,52432.0,10.42.0.13,58278.0,HTTP,1096,Continuation,0.007291
159,256499.246797,10.42.0.49,5353.0,10.42.0.13,5353.0,MDNS,174,"Standard query response 0x0000 TXT MSS210-9f39._hap._tcp.local, ""QU"" question TXT",0.015311
160,385712.634845,10.42.0.13,62031.0,10.42.0.49,52432.0,TCP,54,62028  >  52432 [ACK] Seq=496 Ack=1781 Win=65535 Len=0,0.021457
161,353357.359963,10.42.0.49,5353.0,10.42.0.13,5353.0,MDNS,174,"Standard query response 0x0000 TXT MSS210-9f39._hap._tcp.local, ""QU"" question TXT",0.002146
162,361450.505719,10.42.0.13,51352.0,10.42.0.28,80.0,TCP,54,51346  >  80 [ACK] Seq=1 Ack=1 Win=65535 Len=0,0.000337
163,380215.972878,10.42.0.49,5353.0,224.0.0.251,5353.0,MDNS,291,"Standard query response 0x0000 TXT, cache flush SRV, cache flush 0 0 52432 Meross_Smart_Plug.local A, cache flush 10.42.0.49 AAAA",
164,1174227.583919,10.42.0.13,50524.0,10.42.0.49,52432.0,TCP,54,[TCP Keep-Alive] 50504  >  52432 [ACK] Seq=495 Ack=1781 Win=65535 Len=0,0.10
165,168454.055755,10.42.0.49,5353.0,10.42.0.13,5353.0,MDNS,174,"Standard query response 0x0000 TXT MSS210-9f39._hap._tcp.local, ""QU"" question TXT",0.000784
166,405155.590879,10.42.0.13,51472.0,10.42.0.28,80.0,TCP,54,51540  >  80 [ACK] Seq=1 Ack=1 Win=65535 Len=0,0.000101
167,416847.020533,10.42.0.49,61389.0,54.216.1.110,443.0,TCP,54,61389  >  443 [ACK] Seq=112880 Ack=83873 Win=4402 Len=0,0.180226
168,249202.43744,10.42.0.13,59636.0,10.42.0.49,52432.0,TCP,78,"59686  >  52432 [SYN, ECE, CWR, AE] Seq=0 Win=65535 Len=0 MSS=1460 WS=64 TSval=19",
169,1182448.561944,10.42.0.49,61395.0,99.81.71.200,443.0,TLSv1.2,123,Application Data,63.604712
170,416844.052654,10.42.0.13,62484.0,10.42.0.49,52432.0,TCP,54,62484  >  52432 [ACK] Seq=1 Ack=1 Win=65535 Len=0,0.000576
171,1166910.233901,10.42.0.49,61395.0,99.81.71.200,443.0,TCP,54,61395  >  443 [ACK] Seq=24812 Ack=221115633633339733470596397,
172,178320.25206,10.42.0.49,52432.0,10.42.0.13,58412.0,HTTP,135,HTTP/1.1 200 OK  (application/pairing+tlv8),0.358664
173,1173763.458687,10.42.0.49,5353.0,10.42.0.13,5353.0,MDNS,174,"Standard query response 0x0000 TXT MSS210-9f39._hap._tcp.local, ""QU"" question TXT",0.010422
174,417684.692866,10.42.0.49,5353.0,10.42.0.13,5353.0,MDNS,174,"Standard query response 0x0000 TXT MSS210-9f39._hap._tcp.local, ""QU"" question TXT",0.00401
175,3741.207628,10.42.0.28,58270.0,52.212.130.239,443.0,TLSv1.2,331,Application Data,0.110805
176,1183934.767898,10.42.0.49,61395.0,99.81.71.200,443.0,TCP,54,61395  >  443 [ACK] Seq=32998 Ack=1663922 Win=5042 Len=0,0.006236
177,423752.018594,10.42.0.13,5353.0,10.42.0.49,5353.0,MDNS,87,"Standard query 0x0000 TXT MSS210-9f39._hap._tcp.local, ""QU"" question",0.033104
178,1148293.481566,10.42.0.28,55990.0,52.212.130.239,443.0,TCP,54,55990  >  443 [ACK] Seq=3296 Ack=13440 Win=1788 Len=0,0.272216
179,235875.954544,10.42.0.13,59637.0,10.42.0.49,52432.0,TCP,78,"59833  >  52432 [SYN, ACK] Seq=0 Ack=1 Win=5840 Len=0 MSS=1460",0.000519
180,1171547.396162,10.42.0.13,50715.0,10.42.0.49,52432.0,TCP,54,50856  >  52432 [ACK] Seq=496 Ack=1781 Win=65535 Len=0,0.000181
181,239452.846308,10.42.0.13,59476.0,10.42.0.49,52432.0,TCP,54,59474  >  52432 [ACK] Seq=496 Ack=1344 Win=65535 Len=0,0.007111
182,247371.711717,10.42.0.49,52432.0,10.42.0.13,59277.0,TCP,54,52432  >  52432 [ACK] Seq=1 Ack=163 Win=5678 Len=0,0.112969
183,1161944.194626,99.81.71.200,443.0,10.42.0.49,61395.0,TLSv1.2,507,Application Data,5.241962
184,324715.449041,10.42.0.28,80.0,10.42.0.13,50321.0,TCP,155,"80  >  50736 [PSH, ACK] Seq=1 Ack=515 Win=2406 Len=103 [TCP PDU reassembled in 47312]",
185,1181751.634745,10.42.0.49,52432.0,10.42.0.13,50406.0,HTTP,135,HTTP/1.1 200 OK  (application/pairing+tlv8),0.045735
186,255906.259815,10.42.0.13,52732.0,10.42.0.28,80.0,TCP,407,"52715  >  80 [PSH, ACK] Seq=1 Ack=1 Win=65535 Len=353 [TCP PDU reassembled in 29112]",0
187,411003.608203,10.42.0.13,5353.0,10.42.0.49,5353.0,MDNS,87,"Standard query 0x0000 TXT MSS210-9f39._hap._tcp.local, ""QU"" question",0.012749
188,158365.43747,10.42.0.49,5353.0,224.0.0.251,5353.0,MDNS,305,"Standard query response 0x0000 PTR MSS210-9f39._hap._tcp.local SRV, cache flush 0 0 52432 Meross_Smart_Plug.local TXT, cache flush A, cache",
189,235926.122792,10.42.0.49,52432.0,10.42.0.13,59469.0,TCP,54,[TCP Keep-Alive ACK] 52432  >  59820 [ACK] Seq=1781 Ack=496 Win=5345 Len=0,0.000
190,1139676.953512,10.42.0.49,61395.0,99.81.71.200,443.0,TLSv1.2,555,Application Data,0.106419
191,247002.184112,10.42.0.49,52432.0,10.42.0.13,59474.0,TCP,54,52432  >  59666 [ACK] Seq=1781 Ack=497 Win=5344 Len=0,0.044476
192,1146686.026845,10.42.0.49,5353.0,10.42.0.13,5353.0,MDNS,174,"Standard query response 0x0000 TXT MSS210-9f39._hap._tcp.local, ""QU"" question TXT",0.000781
193,1165693.210041,10.42.0.49,61395.0,99.81.71.200,443.0,TCP,54,61395  >  443 [ACK] Seq=55568 Ack=58708 Win=4651 Len=0,0.143746
194,238908.784491,10.42.0.49,52432.0,10.42.0.13,59481.0,TCP,54,52432  >  58256 [ACK] Seq=1 Ack=163 Win=5678 Len=0,0.127254
195,1146380.165526,10.42.0.49,5353.0,224.0.0.251,5353.0,MDNS,305,"Standard query response 0x0000 TXT, cache flush PTR MSS210-9f39._hap._tcp.local SRV, cache flush 0 0 52432 Meross_Smart_Plug.local A",
196,165873.34032,10.42.0.49,5353.0,10.42.0.13,5353.0,MDNS,174,"Standard query response 0x0000 TXT MSS210-9f39._hap._tcp.local, ""QU"" question TXT",0.009538
197,427655.756119,10.42.0.49,61389.0,54.216.1.110,443.0,TLSv1.2,539,Application Data,0.139126
198,1171237.372027,10.42.0.49,5353.0,224.0.0.251,5353.0,MDNS,305,"Standard query response 0x0000 PTR MSS210-9f39._hap._tcp.local SRV, cache flush 0 0 52432 Meross_Smart_Plug.local TXT, cache flush A",
199,412345.853284,10.42.0.49,52432.0,10.42.0.13,62412.0,HTTP,1096,Continuation,0.028825
200,410995.142144,10.42.0.13,5353.0,10.42.0.49,5353.0,MDNS,87,"Standard query 0x0000 TXT MSS210-9f39._hap._tcp.local, ""QU"" question",0.017401
201,366990.989731,,,,,MDNS,311,"Standard query response 0x0000 TXT, cache flush SRV, cache flush 0 0 52432 Meross_Smart_Plug.local A, cache flush 10.42.0.49 AAA",
202,1179645.649466,10.42.0.49,52432.0,10.42.0.13,50761.0,HTTP,1096,Continuation,0.005519
203,1132251.523698,10.42.0.13,50326.0,10.42.0.28,80.0,TCP,54,52650  >  80 [ACK] Seq=483 Ack=103 Win=65535 Len=0,0.000104
204,405088.252636,10.42.0.49,61389.0,54.216.1.110,443.0,TCP,54,61389  >  443 [ACK] Seq=12749 Ack=30157 Win=5840 Len=0,0.107348
205,357563.148521,10.42.0.13,61812.0,10.42.0.49,52432.0,TCP,54,61801  >  52432 [ACK] Seq=163 Ack=221 Win=65535 Len=0,0.000168
206,358330.689792,10.42.0.49,52432.0,10.42.0.13,61814.0,HTTP,1096,Continuation,0.017052
207,179703.77476,10.42.0.49,5353.0,10.42.0.13,5353.0,MDNS,169,"Standard query response 0x0000 SRV MSS210-9f39._hap._tcp.local, ""QU"" question SRV 0 0 52432 Meross_Smart_Plug.local A 10.",
208,429118.527118,10.42.0.49,52432.0,10.42.0.13,62900.0,HTTP,1096,Continuation,0.007041
209,1162112.61447,99.81.71.200,443.0,10.42.0.49,61395.0,TLSv1.2,507,Application Data,69.835244
210,1161277.327031,10.42.0.49,5353.0,10.42.0.13,5353.0,MDNS,174,"Standard query response 0x0000 TXT MSS210-9f39._hap._tcp.local, ""QU"" question TXT",0.010322
211,318857.148272,10.42.0.49,5353.0,10.42.0.13,5353.0,MDNS,270,"Standard query response 0x0000 PTR _hap._tcp.local, ""QU"" question PTR MSS210-9f39._hap._tcp.local SRV 0 0 52432 Meross_Smart_Plug",
212,315228.190457,10.42.0.13,59481.0,10.42.0.28,80.0,TCP,54,"59432  >  80 [FIN, ACK] Seq=483 Ack=199 Win=65535 Len=0",0.000103
213,349182.339436,10.42.0.28,80.0,10.42.0.13,50383.0,TCP,54,80  >  50370 [ACK] Seq=552 Ack=483 Win=2438 Len=0,0.003774
214,422077.92193,10.42.0.13,5353.0,10.42.0.49,5353.0,MDNS,87,"Standard query 0x0000 TXT MSS210-9f39._hap._tcp.local, ""QU"" question",0.065763
215,1151837.228047,10.42.0.49,61395.0,99.81.71.200,443.0,TLSv1.2,555,Application Data,0.105641
216,321277.335795,10.42.0.13,60909.0,10.42.0.28,80.0,TCP,408,"60179  >  80 [PSH, ACK] Seq=1 Ack=1 Win=65535 Len=354 [TCP PDU reassembled in 27430]",0
217,1148036.145223,99.81.71.200,443.0,10.42.0.49,61395.0,TLSv1.2,507,Application Data,60.07572
218,324973.615375,10.42.0.49,5353.0,10.42.0.13,5353.0,MDNS,270,"Standard query response 0x0000 PTR _hap._tcp.local, ""QU"" question PTR MSS210-9f39._hap._tcp.local SRV 0 0 52432 Meross_Smart_Plug",
219,174.019479,10.42.0.140,59815.0,10.42.0.28,80.0,TCP,54,59854  >  80 [ACK] Seq=483 Ack=722 Win=65535 Len=0,0.002016
220,416846.365027,10.42.0.13,64468.0,10.42.0.49,52432.0,TCP,54,62620  >  52432 [ACK] Seq=1 Ack=1 Win=65535 Len=0,0.005224
221,1156056.087081,10.42.0.13,50597.0,10.42.0.49,52432.0,TCP,54,[TCP Keep-Alive] 50785  >  52432 [ACK] Seq=495 Ack=1781 Win=65535 Len=0,1.29
222,158289.697105,10.42.0.49,52432.0,10.42.0.13,58259.0,HTTP,274,HTTP/1.1 200 OK  (application/pairing+tlv8),0.045415
223,359831.96585,10.42.0.49,5353.0,10.42.0.13,5353.0,MDNS,174,"Standard query response 0x0000 TXT MSS210-9f39._hap._tcp.local, ""QU"" question TXT",0.008185
224,423258.803715,10.42.0.13,62928.0,10.42.0.49,52432.0,TCP,54,62591  >  52432 [ACK] Seq=496 Ack=1781 Win=65535 Len=0,0.011281
225,1149479.443774,10.42.0.13,50423.0,10.42.0.49,52432.0,TCP,54,50427  >  52432 [ACK] Seq=496 Ack=1782 Win=65535 Len=0,0.006432
226,350926.732036,10.42.0.49,52432.0,10.42.0.13,61982.0,TCP,54,52432  >  61882 [ACK] Seq=1781 Ack=497 Win=5344 Len=0,0.018665
227,1161692.408753,10.42.0.49,5353.0,10.42.0.13,5353.0,MDNS,174,"Standard query response 0x0000 TXT MSS210-9f39._hap._tcp.local, ""QU"" question TXT",0.007886
228,260250.414629,10.42.0.49,52432.0,10.42.0.13,59487.0,TCP,54,52432  >  59486 [ACK] Seq=1 Ack=163 Win=5678 Len=0,0.201902
229,411264.224357,10.42.0.49,5353.0,10.42.0.13,5353.0,MDNS,270,"Standard query response 0x0000 PTR _hap._tcp.local, ""QU"" question PTR MSS210-9f39._hap._tcp.local SRV 0 0 52432 Meross_Smart_Plug",
230,405038.206839,10.42.0.28,80.0,10.42.0.13,51465.0,TCP,156,"80  >  51464 [PSH, ACK] Seq=1 Ack=514 Win=2407 Len=102 [TCP PDU reassembled in 30552]",
231,1174539.592979,10.42.0.49,61395.0,99.81.71.200,443.0,TLSv1.2,123,Application Data,0.039754
232,1157081.529441,10.42.0.49,52432.0,10.42.0.13,50689.0,HTTP,135,HTTP/1.1 200 OK  (application/pairing+tlv8),0.045522
233,255907.27771,10.42.0.49,52432.0,10.42.0.13,59744.0,TCP,54,[TCP Keep-Alive ACK] 52432  >  59832 [ACK] Seq=1781 Ack=496 Win=5345 Len=0,0.0001
234,1181746.643475,10.42.0.49,5353.0,224.0.0.251,5353.0,MDNS,291,"Standard query response 0x0000 TXT, cache flush SRV, cache flush 0 0 52432 Meross_Smart_Plug.local A, cache flush 10.42.0.49 AAA",
235,158277.015584,10.42.0.13,57250.0,10.42.0.28,80.0,TCP,54,57100  >  80 [ACK] Seq=1 Ack=1 Win=65535 Len=0,0.001235
236,249986.49354,10.42.0.49,52432.0,10.42.0.13,59692.0,TCP,58,"52432  >  59481 [SYN, ACK] Seq=0 Ack=1 Win=5840 Len=0 MSS=1460",0.000138
237,417967.821761,10.42.0.49,61389.0,54.216.1.110,443.0,TCP,54,61389  >  443 [ACK] Seq=175296 Ack=97777 Win=5840 Len=0,0.259613
238,234192.54258,10.42.0.13,50973.0,10.42.0.28,80.0,TCP,54,"52393  >  80 [FIN, ACK] Seq=483 Ack=552 Win=65535 Len=0",0.000143
239,261196.245586,54.216.1.110,443.0,10.42.0.49,61386.0,TLSv1.2,123,Application Data,0.035999
240,423292.71186,10.42.0.49,61389.0,54.216.1.110,443.0,TLSv1.2,123,Application Data,18.418144
241,249443.92298,10.42.0.13,59837.0,10.42.0.49,52432.0,TCP,78,"59683  >  52432 [SYN, ECE, CWR, AE] Seq=0 Win=65535 Len=0 MSS=1460 WS=64 TSval=36",
242,1164015.608886,10.42.0.13,50619.0,10.42.0.49,52432.0,TCP,54,"50913  >  52432 [FIN, ACK] Seq=496 Ack=1781 Win=65535 Len=0",1.824353
243,1142776.229642,10.42.0.49,52432.0,10.42.0.13,50495.0,TCP,54,52432  >  50491 [ACK] Seq=1 Ack=163 Win=5678 Len=0,0.129467
244,1158316.642237,10.42.0.49,52432.0,10.42.0.13,50531.0,HTTP,1096,Continuation,0.015137
245,1171251.419064,99.81.71.200,443.0,10.42.0.49,61395.0,TLSv1.2,123,Application Data,0.036814
246,237592.539321,10.42.0.28,58273.0,52.212.130.239,443.0,TLSv1.2,123,Application Data,0.028915
247,177517.531472,10.42.0.13,58623.0,10.42.0.28,80.0,TCP,408,"57072  >  80 [PSH, ACK] Seq=1 Ack=1 Win=65535 Len=353 [TCP PDU reassembled in 25521]",0
248,242733.444098,10.42.0.13,5353.0,10.42.0.49,5353.0,MDNS,87,"Standard query 0x0000 TXT MSS210-9f39._hap._tcp.local, ""QU"" question",0.11397
249,262092.16691,10.42.0.28,20002.0,10.42.0.13,52626.0,UDP,414,20002  >  60701 Len=372,0.303975
250,175835.201233,10.42.0.28,80.0,10.42.0.13,57050.0,TCP,54,80  >  57303 [ACK] Seq=552 Ack=484 Win=2437 Len=0,0.000578
251,1150921.221449,10.42.0.13,50619.0,10.42.0.49,52432.0,TCP,54,50506  >  52432 [ACK] Seq=1 Ack=1 Win=65535 Len=0,0.034894
252,376000.520399,,,,,MDNS,325,"Standard query response 0x0000 PTR MSS210-9f39._hap._tcp.local SRV, cache flush 0 0 52432 Meross_Smart_Plug.local TXT, cache flush A",
253,1137919.552178,10.42.0.28,55990.0,52.212.130.239,443.0,TCP,54,55990  >  443 [ACK] Seq=42019 Ack=25475 Win=2502 Len=0,0.067386
254,241550.432106,10.42.0.49,52432.0,10.42.0.13,59619.0,TCP,58,"52432  >  59614 [SYN, ACK] Seq=0 Ack=1 Win=5840 Len=0 MSS=1460",0.006955
255,351019.93293,10.42.0.49,61387.0,54.216.1.110,443.0,TLSv1.2,123,Application Data,71.14138
256,1183204.947287,10.42.0.13,50394.0,10.42.0.49,52432.0,TCP,54,50383  >  52432 [ACK] Seq=496 Ack=1344 Win=65535 Len=0,0.006554
257,174890.020631,,,,,MDNS,325,"Standard query response 0x0000 PTR MSS210-9f39._hap._tcp.local SRV, cache flush 0 0 52432 Meross_Smart_Plug.local TXT, cache flush A",
258,1153582.032812,10.42.0.28,80.0,10.42.0.13,59156.0,TCP,54,80  >  56949 [ACK] Seq=1 Ack=483 Win=2438 Len=0,0.000676
259,324418.938673,10.42.0.13,50374.0,10.42.0.28,80.0,TCP,54,50367  >  80 [ACK] Seq=483 Ack=103 Win=65535 Len=0,0.001819
260,1133505.956095,10.42.0.49,61395.0,99.81.71.200,443.0,TCP,54,61395  >  443 [ACK] Seq=13153 Ack=303575 Win=4417 Len=0,0.26687
261,320415.976107,10.42.0.49,52432.0,10.42.0.13,60926.0,TCP,58,"52432  >  61987 [SYN, ACK] Seq=0 Ack=1 Win=5840 Len=0 MSS=1460",0.007926
262,353509.710413,10.42.0.13,51382.0,10.42.0.28,80.0,TCP,407,"51371  >  80 [PSH, ACK] Seq=1 Ack=1 Win=65535 Len=354 [TCP PDU reassembled in 17923]",0
263,174.021346,10.42.0.140,59811.0,10.42.0.28,80.0,TCP,54,"59894  >  80 [FIN, ACK] Seq=483 Ack=552 Win=65535 Len=0",0.001431
264,374632.508035,10.42.0.13,61964.0,10.42.0.49,52432.0,TCP,54,61952  >  52432 [ACK] Seq=1 Ack=1 Win=65535 Len=0,0.000112
265,348391.71987,10.42.0.49,52432.0,10.42.0.13,62023.0,TCP,54,52432  >  62900 [ACK] Seq=1781 Ack=497 Win=5344 Len=0,0.010594
266,358243.405563,10.42.0.49,5353.0,224.0.0.251,5353.0,MDNS,305,"Standard query response 0x0000 PTR MSS210-9f39._hap._tcp.local SRV, cache flush 0 0 52432 Meross_Smart_Plug.local TXT, cache flush A,",
267,250938.909092,10.42.0.49,61386.0,54.216.1.110,443.0,TCP,54,61386  >  443 [ACK] Seq=14547 Ack=299981 Win=5702 Len=0,0.153572
268,405116.34836,10.42.0.49,52432.0,10.42.0.13,62387.0,TCP,54,52432  >  62553 [ACK] Seq=1 Ack=163 Win=5678 Len=0,0.132775
269,1178174.122525,10.42.0.28,55990.0,52.212.130.239,443.0,TCP,54,55990  >  443 [ACK] Seq=30746 Ack=12856 Win=1920 Len=0,0.008831
270,163745.517391,10.42.0.13,56917.0,10.42.0.28,80.0,TCP,408,"51392  >  80 [PSH, ACK] Seq=1 Ack=1 Win=65535 Len=353 [TCP PDU reassembled in 32285]",0
271,423007.768426,10.42.0.49,5353.0,10.42.0.13,5353.0,MDNS,174,"Standard query response 0x0000 TXT MSS210-9f39._hap._tcp.local, ""QU"" question TXT",0.009753
272,1183887.967635,10.42.0.49,5353.0,224.0.0.251,5353.0,MDNS,291,"Standard query response 0x0000 TXT, cache flush SRV, cache flush 0 0 52432 Meross_Smart_Plug.local A, cache flush 10.42.0.49 AAA",
273,1157505.343965,10.42.0.49,61395.0,99.81.71.200,443.0,TLSv1.2,123,Application Data,0.013167
274,240485.627502,10.42.0.49,52432.0,10.42.0.13,62369.0,TCP,54,"52432  >  62901 [FIN, ACK] Seq=1781 Ack=497 Win=5344 Len=0",0.001722
275,411003.712608,10.42.0.49,52432.0,10.42.0.13,62481.0,HTTP,274,HTTP/1.1 200 OK  (application/pairing+tlv8),0.040992
276,254616.39281,10.42.0.49,61386.0,54.216.1.110,443.0,TLSv1.2,123,Application Data,8.126757
277,366934.773578,10.42.0.49,5353.0,10.42.0.13,5353.0,MDNS,174,"Standard query response 0x0000 TXT MSS210-9f39._hap._tcp.local, ""QU"" question TXT",0.000087
278,360144.618157,10.42.0.28,55988.0,34.241.185.170,443.0,TCP,54,55988  >  443 [ACK] Seq=25945 Ack=25068 Win=1889 Len=0,0.030838
279,1177033.112339,99.81.71.200,443.0,10.42.0.49,61395.0,TLSv1.2,123,Application Data,0.037401
280,370367.53035,34.241.185.170,443.0,10.42.0.28,55988.0,TLSv1.2,123,Application Data,0.037821
281,262084.18223,52.212.130.239,443.0,10.42.0.28,58273.0,TLSv1.2,123,Application Data,0.068248
282,249731.257119,10.42.0.49,5353.0,10.42.0.13,5353.0,MDNS,174,"Standard query response 0x0000 TXT MSS210-9f39._hap._tcp.local, ""QU"" question TXT",0.015521
283,251370.813945,10.42.0.49,52432.0,10.42.0.13,59751.0,TCP,54,52432  >  59331 [ACK] Seq=1 Ack=163 Win=5678 Len=0,0.011559
284,418644.882322,10.42.0.49,5353.0,10.42.0.13,5353.0,MDNS,174,"Standard query response 0x0000 TXT MSS210-9f39._hap._tcp.local, ""QU"" question TXT",0.010588
285,3208.9252074,10.42.0.49,5353.0,10.42.0.13,5353.0,MDNS,174,"Standard query response 0x0000 TXT MSS210-9f39._hap._tcp.local, ""QU"" question TXT",0.010271
286,255050.089975,10.42.0.13,52712.0,10.42.0.28,80.0,TCP,54,52723  >  80 [ACK] Seq=1 Ack=1 Win=65535 Len=0,0.006784
287,158309.833053,10.42.0.28,80.0,10.42.0.13,51474.0,TCP,58,"80  >  51436 [SYN, ACK] Seq=0 Ack=1 Win=2920 Len=0 MSS=1460",0.000181
288,351019.496147,10.42.0.28,80.0,10.42.0.13,51381.0,TCP,54,80  >  51343 [ACK] Seq=1 Ack=5 Ack=5 Win=2522 Len=0,0.002683
289,233044.613867,10.42.0.13,51076.0,10.42.0.49,52432.0,TCP,54,59635  >  52432 [ACK] Seq=497 Ack=1782 Win=65535 Len=0,0.0030109
290,1150684.114691,10.42.0.49,5353.0,10.42.0.13,5353.0,MDNS,270,"Standard query response 0x0000 TXT MSS210-9f39._hap._tcp.local, ""QU"" question SRV MSS210-9f39._hap._tcp.local, ""QU"" question SRV",
291,1166355.004256,10.42.0.49,61395.0,99.81.71.200,443.0,TCP,54,61395  >  443 [ACK] Seq=299209 Ack=14430 Win=5111 Len=0,0.159648
292,259873.501766,10.42.0.13,52982.0,10.42.0.49,52432.0,TCP,54,59803  >  52432 [ACK] Seq=497 Ack=1782 Win=65535 Len=0,0.014982
293,238551.482381,10.42.0.28,80.0,10.42.0.13,51151.0,TCP,54,"80  >  51192 [RST, ACK] Seq=1 Ack=1 Win=2920 Len=0",0.000176
294,385759.073114,54.216.1.110,443.0,10.42.0.49,61388.0,TLSv1.2,123,Application Data,0.036264
295,405157.990719,10.42.0.13,51537.0,10.42.0.28,80.0,TCP,54,51528  >  80 [ACK] Seq=483 Ack=103 Win=65535 Len=0,0.001105
296,1176737.367785,99.81.71.200,443.0,10.42.0.49,61395.0,TLSv1.2,123,Application Data,0.032254
297,238919.848257,10.42.0.49,52432.0,10.42.0.13,59201.0,TCP,54,52432  >  59827 [ACK] Seq=1781 Ack=497 Win=5344 Len=0,0.014591
298,1182843.638781,10.42.0.28,55990.0,52.212.130.239,443.0,TLSv1.2,123,Application Data,1.3.16192
299,1181174.688186,10.42.0.49,52432.0,10.42.0.13,50754.0,TCP,54,52432  >  50849 [ACK] Seq=1 Ack=163 Win=5678 Len=0,0.006924
300,410377.63883,10.42.0.28,80.0,10.42.0.13,51071.0,TCP,155,"80  >  51151 [PSH, ACK] Seq=1 Ack=622 Win=2922 Len=101 [TCP PDU reassembled in 25094]",0
301,1174116.374697,10.42.0.49,5353.0,10.42.0.13,5353.0,MDNS,174,"Standard query response 0x0000 TXT MSS210-9f39._hap._tcp.local, ""QU"" question TXT",0.045774
302,265083.301621,10.42.0.28,80.0,10.42.0.13,51336.0,TCP,58,"80  >  51070 [SYN, ACK] Seq=0 Ack=1 Win=2920 Len=0 MSS=1460",0.0026208
303,1155627.065222,10.42.0.13,50570.0,10.42.0.49,52432.0,TCP,54,[TCP Keep-Alive] 50521  >  52432 [ACK] Seq=495 Ack=1781 Win=65535 Len=0,0.21
304,418947.489398,10.42.0.49,5353.0,10.42.0.13,5353.0,MDNS,174,"Standard query response 0x0000 TXT MSS210-9f39._hap._tcp.local, ""QU"" question TXT",0.009948
305,1147661.982705,99.81.71.200,443.0,10.42.0.49,61395.0,TLSv1.2,123,Application Data,0.040107
306,374853.811169,10.42.0.13,62019.0,10.42.0.49,52432.0,TCP,78,61876  >  52432 [SYN] Seq=0 Win=65535 Len=0 MSS=1460 WS=64 TSval=217023536,
307,375715.730286,10.42.0.13,62004.0,10.42.0.28,80.0,TCP,54,60374  >  80 [ACK] Seq=483 Ack=102 Win=65535 Len=0,0.003569
308,242781.776709,10.42.0.49,61386.0,54.216.1.110,443.0,TLSv1.2,539,Application Data,0.106215
309,368941.930954,10.42.0.49,52432.0,10.42.0.13,61920.0,HTTP,1096,Continuation,0.016777
310,405147.97884,10.42.0.13,62554.0,10.42.0.49,52432.0,HTTP,216,POST /pair-verify HTTP/1.1  (application/pairing+tlv8),0.001515
311,1137386.571072,10.42.0.49,61395.0,99.81.71.200,443.0,TCP,54,61395  >  443 [ACK] Seq=219026 Ack=21827 Win=5849 Len=0,0.282851
312,237703.076613,10.42.0.13,51078.0,10.42.0.28,80.0,TCP,54,51007  >  80 [ACK] Seq=483 Ack=102 Win=65535 Len=0,0.002419
313,1167781.239063,10.42.0.49,52432.0,10.42.0.13,50704.0,HTTP,491,Continuation,0.000807
314,414800.378628,10.42.0.13,62572.0,10.42.0.49,52432.0,TCP,54,62470  >  52432 [ACK] Seq=163 Ack=221 Win=65535 Len=0,0.004052
315,1146802.238498,10.42.0.49,5353.0,10.42.0.13,5353.0,MDNS,174,"Standard query response 0x0000 TXT MSS210-9f39._hap._tcp.local, ""QU"" question TXT",0.053765
316,248731.725886,10.42.0.49,61386.0,54.216.1.110,443.0,TLSv1.2,555,Application Data,0.021721
317,174852.447358,10.42.0.28,58272.0,54.170.92.104,443.0,TLSv1.2,267,Application Data,0.023453
318,1174438.468665,,,,,MDNS,194,"Standard query response 0x0000 TXT MSS210-9f39._hap._tcp.local, ""QU"" question TXT",0.
319,174148.069911,10.42.0.49,52432.0,10.42.0.13,58625.0,HTTP,135,HTTP/1.1 200 OK  (application/pairing+tlv8),0.048371
320,366772.534417,10.42.0.49,61388.0,54.216.1.110,443.0,TCP,54,61388  >  443 [ACK] Seq=10880 Ack=69933 Win=5702 Len=0,0.152278
321,316247.770887,54.216.1.110,443.0,10.42.0.49,61388.0,TLSv1.2,123,Application Data,0.039271
322,1166078.712962,10.42.0.49,61395.0,99.81.71.200,443.0,TLSv1.2,555,Application Data,0.161463
323,408200.525082,10.42.0.49,61389.0,54.216.1.110,443.0,TLSv1.2,539,Application Data,0.095929
324,405062.826489,10.42.0.49,61389.0,54.216.1.110,443.0,TCP,54,61389  >  443 [ACK] Seq=19241 Ack=16842 Win=5840 Len=0,0.049763
325,420366.034615,10.42.0.28,55989.0,34.243.103.189,443.0,TCP,54,55989  >  443 [ACK] Seq=21878 Ack=19992 Win=2920 Len=0,0.075395
326,356596.448875,10.42.0.28,55988.0,34.241.185.170,443.0,TLSv1.2,123,Application Data,5.7983618
327,1134574.20603,10.42.0.13,50703.0,10.42.0.49,52432.0,TCP,54,50731  >  52432 [ACK] Seq=496 Ack=1781 Win=65535 Len=0,0.032962
328,323043.611297,10.42.0.49,52432.0,10.42.0.13,61923.0,HTTP,274,HTTP/1.1 200 OK  (application/pairing+tlv8),0.385925
329,371392.768225,10.42.0.28,55988.0,34.241.185.170,443.0,TLSv1.2,123,Application Data,11.505591
330,1167337.577725,10.42.0.49,52432.0,10.42.0.13,50859.0,TCP,54,52432  >  50859 [ACK] Seq=1781 Ack=497 Win=5344 Len=0,0.002024
331,374703.97705,10.42.0.13,5353.0,10.42.0.49,5353.0,MDNS,87,"Standard query 0x0000 TXT MSS210-9f39._hap._tcp.local, ""QU"" question",0.047157
332,421749.246457,54.216.1.110,443.0,10.42.0.49,61389.0,TLSv1.2,507,Application Data,4.979262
333,412909.660497,10.42.0.49,5353.0,224.0.0.251,5353.0,MDNS,305,"Standard query response 0x0000 PTR MSS210-9f39._hap._tcp.local SRV, cache flush 0 0 52432 Meross_Smart_Plug.local TXT, cache flush A,",
334,324413.700083,10.42.0.13,50349.0,10.42.0.28,80.0,TCP,54,50309  >  80 [ACK] Seq=583 Ack=199 Win=65535 Len=0,0.001107
335,158252.659672,54.170.92.104,443.0,10.42.0.28,58272.0,TCP,54,443  >  58272 [ACK] Seq=16341 Ack=58219 Win=65535 Len=0,0.054906
336,358105.556212,10.42.0.49,61388.0,54.216.1.110,443.0,TCP,54,61387  >  443 [ACK] Seq=118062 Ack=1956 Win=5702 Len=0,0.202098
337,1132381.525159,,,,,MDNS,290,"Standard query response 0x0000 PTR _hap._tcp.local, ""QU"" question PTR MSS210-9f39._hap._tcp.local SR",
338,429780.579005,10.42.0.49,61389.0,54.216.1.110,443.0,TCP,54,61389  >  443 [ACK] Seq=122918 Ack=752 Win=52771 Len=0,0.165436
339,1137800.500068,10.42.0.49,52432.0,10.42.0.13,50.0,TCP,54,52508  >  80 [ACK] Seq=583 Ack=102 Win=65535 Len=0,0.032635
340,1184583.51076,10.42.0.49,52432.0,10.42.0.13,50747.0,TCP,54,52432  >  50883 [ACK] Seq=1781 Ack=497 Win=5344 Len=0,0.004518
341,1154168.560683,10.42.0.49,52432.0,10.42.0.13,50833.0,HTTP,135,HTTP/1.1 200 OK  (application/pairing+tlv8),0.045714
342,321277.693124,10.42.0.49,61387.0,54.216.1.110,443.0,TCP,54,61388  >  443 [ACK] Seq=63002 Ack=39731 Win=4511 Len=0,0.117622
343,417445.158714,10.42.0.13,62491.0,10.42.0.49,52432.0,TCP,54,62462  >  52432 [ACK] Seq=497 Ack=1781 Win=65535 Len=0,0.003125
344,354423.993612,10.42.0.49,52432.0,10.42.0.13,61817.0,HTTP,274,HTTP/1.1 200 OK  (application/pairing+tlv8),0.189488
345,380336.301527,10.42.0.13,59447.0,10.42.0.49,80.0,TCP,54,59432  >  80 [ACK] Seq=1 Ack=1 Win=65535 Len=0,0.000106
346,240074.143524,10.42.0.49,52432.0,10.42.0.13,59693.0,TCP,54,[TCP Keep-Alive ACK] 52432  >  62641 [ACK] Seq=1781 Ack=496 Win=5345 Len=0,0.000
347,1145042.60281,10.42.0.49,5353.0,224.0.0.251,5353.0,MDNS,305,"Standard query response 0x0000 PTR MSS210-9f39._hap._tcp.local SRV, cache flush 0 0 52432 Meross_Smart_Plug.local TXT, cache flush A,",
348,263451.755282,10.42.0.28,80.0,10.42.0.13,52777.0,TCP,54,80  >  52706 [ACK] Seq=552 Ack=483 Win=2438 Len=0,0.000564
349,373264.518328,54.216.1.110,443.0,10.42.0.49,61387.0,TLSv1.2,123,Application Data,0.031128
350,353507.319674,10.42.0.49,52432.0,10.42.0.13,61936.0,TCP,54,[TCP Keep-Alive ACK] 52432  >  61948 [ACK] Seq=1781 Ack=496 Win=5345 Len=0,0.000
351,1180101.315862,10.42.0.49,5353.0,10.42.0.13,5353.0,MDNS,174,"Standard query response 0x0000 TXT MSS210-9f39._hap._tcp.local, ""QU"" question TXT",0.011623
352,1180637.833111,99.81.71.200,443.0,10.42.0.49,61395.0,TLSv1.2,123,Application Data,0.042864
353,324705.412616,10.42.0.28,55988.0,34.241.185.170,443.0,TCP,54,55988  >  443 [ACK] Seq=41082 Ack=13248 Win=2470 Len=0,0.016021
354,164371.398874,10.42.0.49,5353.0,10.42.0.13,5353.0,MDNS,270,"Standard query response 0x0000 PTR _hap._tcp.local, ""QU"" question PTR MSS210-9f39._hap._tcp.local SRV 0 0 52432 Meross_Smart_Plug",
355,1182061.658368,10.42.0.49,52432.0,10.42.0.13,50707.0,HTTP,491,Continuation,0.001587
356,1175838.025525,10.42.0.49,52432.0,10.42.0.13,50819.0,TCP,54,52432  >  50581 [ACK] Seq=1781 Ack=497 Win=5344 Len=0,0.005635
357,421874.512553,10.42.0.28,20002.0,10.42.0.13,61029.0,UDP,414,20002  >  61482 Len=372,0.330417
358,321368.600668,10.42.0.13,61831.0,10.42.0.49,52432.0,TCP,54,61868  >  52432 [ACK] Seq=496 Ack=1781 Win=65535 Len=0,0.004033
359,3742.014833,10.42.0.140,60282.0,10.42.0.49,52432.0,TCP,54,"62020  >  52432 [FIN, ACK] Seq=496 Ack=1781 Win=65535 Len=0",1.022055
360,254414.476785,10.42.0.49,52432.0,10.42.0.13,59680.0,HTTP,491,Continuation,0.004942
361,408202.592833,10.42.0.49,52432.0,10.42.0.13,62387.0,TCP,54,52432  >  62593 [ACK] Seq=221 Ack=414 Win=5427 Len=0,0.033858
362,158314.030685,10.42.0.13,58472.0,10.42.0.28,80.0,TCP,54,59464  >  80 [ACK] Seq=582 Ack=71 Win=65535 Len=0,0.000248
363,411004.415179,99.81.71.200,443.0,10.42.0.49,61389.0,TLSv1.2,123,Application Data,0.036379
364,405060.838818,10.42.0.13,51447.0,10.42.0.28,80.0,TCP,54,51441  >  80 [ACK] Seq=515 Ack=104 Win=65535 Len=0,0.040112
365,429392.154554,10.42.0.28,80.0,10.42.0.13,62913.0,TCP,54,80  >  51299 [ACK] Seq=1 Ack=1 Ack=4 Win=2922 Len=0,0.003919
366,316408.818956,10.42.0.28,55988.0,34.241.185.170,443.0,TCP,54,55988  >  443 [ACK] Seq=33763 Ack=2026 Win=2922 Len=0,0.200504
367,348955.016828,10.42.0.13,62039.0,10.42.0.28,80.0,HTTP,182,POST /app/request?seq=139417915 HTTP/1.1  (application/x-www-form-urlencoded),1.2e-05
368,418617.800213,10.42.0.49,5353.0,10.42.0.13,5353.0,MDNS,174,"Standard query response 0x0000 TXT MSS210-9f39._hap._tcp.local, ""QU"" question TXT",0.003937
369,374137.762623,10.42.0.28,80.0,10.42.0.13,50763.0,TCP,54,80  >  50376 [ACK] Seq=1 Ack=482 Win=2439 Len=0,0.002125
370,254680.906777,10.42.0.13,52608.0,10.42.0.28,80.0,TCP,54,52686  >  80 [ACK] Seq=482 Ack=102 Win=65535 Len=0,0.000194
371,261430.401548,10.42.0.13,59493.0,10.42.0.49,52432.0,HTTP,216,POST /pair-verify HTTP/1.1  (application/pairing+tlv8),0.000482
372,377087.329038,10.42.0.49,5353.0,10.42.0.13,5353.0,MDNS,262,"Standard query response 0x0000 PTR _hap._tcp.local, ""QU"" question PTR MSS210-9f39._hap._tcp.local SRV 0 0 52432 Meross_Smart_Plug",
373,316441.507444,54.216.1.110,443.0,10.42.0.49,61387.0,TLSv1.2,123,Application Data,0.039399
374,173255.401418,10.42.0.13,58490.0,10.42.0.49,52432.0,TCP,54,58464  >  52432 [ACK] Seq=497 Ack=1781 Win=65535 Len=0,0.003285
375,1139381.997703,10.42.0.49,52432.0,10.42.0.13,50591.0,HTTP,135,HTTP/1.1 200 OK  (application/pairing+tlv8),0.044892
376,265977.711704,10.42.0.13,52900.0,10.42.0.28,80.0,TCP,54,57630  >  80 [ACK] Seq=1 Ack=1 Win=65535 Len=0,0.011109
377,377754.290794,10.42.0.28,80.0,10.42.0.13,57773.0,TCP,54,80  >  57723 [ACK] Seq=1 Ack=483 Win=2438 Len=0,0.002527
378,158299.021972,10.42.0.13,58241.0,10.42.0.28,80.0,TCP,54,59082  >  80 [ACK] Seq=483 Ack=103 Win=65535 Len=0,0.003829
379,405045.699515,10.42.0.13,51433.0,10.42.0.28,80.0,TCP,78,"51451  >  80 [SYN, ECE, CWR] Seq=0 Win=65535 Len=0 MSS=1460 WS=64 TSval=266400763",
380,362714.496464,10.42.0.49,5353.0,10.42.0.13,5353.0,MDNS,174,"Standard query response 0x0000 TXT MSS210-9f39._hap._tcp.local, ""QU"" question TXT",0.025036
381,1165814.688523,10.42.0.28,55990.0,52.212.130.239,443.0,TLSv1.2,123,Application Data,63.428872
382,1147903.332889,10.42.0.28,55990.0,52.212.130.239,443.0,TLSv1.2,123,Application Data,13.455644
383,251260.47235,10.42.0.13,59821.0,10.42.0.28,80.0,TCP,54,52696  >  80 [ACK] Seq=482 Ack=167 Win=65535 Len=0,0.000259
384,411010.763822,10.42.0.13,5353.0,10.42.0.49,5353.0,MDNS,87,"Standard query 0x0000 TXT MSS210-9f39._hap._tcp.local, ""QU"" question",0.124048
385,1182820.084953,10.42.0.13,5353.0,10.42.0.49,5353.0,MDNS,87,"Standard query 0x0000 TXT MSS210-9f39._hap._tcp.local, ""QU"" question",0.004669
386,236043.110501,10.42.0.28,80.0,10.42.0.13,51385.0,TCP,58,"80  >  51470 [SYN, ACK] Seq=0 Ack=1 Win=2920 Len=0 MSS=1460",0.00151
387,174208.99473,10.42.0.13,58685.0,10.42.0.49,52432.0,TCP,78,58458  >  52432 [SYN] Seq=0 Win=65535 Len=0 MSS=1460 WS=64 TSval=478919208 T,
388,324693.028044,54.216.1.110,443.0,10.42.0.49,61387.0,TLSv1.2,507,Application Data,10.35638
389,1139319.057665,10.42.0.49,61395.0,99.81.71.200,443.0,TCP,54,61395  >  443 [ACK] Seq=210707 Ack=153480 Win=5249 Len=0,0.200844
390,259873.432052,10.42.0.13,5353.0,10.42.0.49,5353.0,MDNS,87,"Standard query 0x0000 TXT MSS210-9f39._hap._tcp.local, ""QU"" question",0.094389
391,1138945.088772,10.42.0.49,61395.0,99.81.71.200,443.0,TLSv1.2,123,Application Data,13.854194
392,1148900.173784,10.42.0.13,5353.0,10.42.0.49,5353.0,MDNS,87,"Standard query 0x0000 TXT MSS210-9f39._hap._tcp.local, ""QU"" question",0.006062
393,408952.625419,10.42.0.49,52432.0,10.42.0.13,62363.0,TCP,54,52432  >  62623 [ACK] Seq=1 Ack=163 Win=5678 Len=0,0.157101
394,355657.921647,10.42.0.13,51702.0,10.42.0.28,80.0,TCP,54,52770  >  80 [ACK] Seq=1 Ack=1 Win=65535 Len=0,0.005683
395,315417.451312,,,,,MDNS,290,"Standard query response 0x0000 PTR _hap._tcp.local, ""QU"" question PTR MSS210-9f39._hap._tcp.local SRV",
396,378335.770689,10.42.0.49,52432.0,10.42.0.13,61995.0,HTTP,274,HTTP/1.1 200 OK  (application/pairing+tlv8),0.200077
397,410993.179112,10.42.0.49,61389.0,54.216.1.110,443.0,TLSv1.2,123,Application Data,5.141986
398,248731.274188,10.42.0.13,5353.0,10.42.0.49,5353.0,MDNS,87,"Standard query 0x0000 TXT MSS210-9f39._hap._tcp.local, ""QU"" question",0.020434
399,351029.580796,10.42.0.13,61718.0,10.42.0.49,52432.0,TCP,54,"61759  >  52432 [FIN, ACK] Seq=496 Ack=1781 Win=65535 Len=0",9.117199
400,1157582.531632,10.42.0.49,61395.0,99.81.71.200,443.0,TCP,54,61395  >  443 [ACK] Seq=130767 Ack=11782 Win=5702 Len=0,0.062031
401,1167544.38595,10.42.0.49,5353.0,10.42.0.13,5353.0,MDNS,174,"Standard query response 0x0000 TXT MSS210-9f39._hap._tcp.local, ""QU"" question TXT",0.002557
402,256372.584734,10.42.0.13,59801.0,10.42.0.28,80.0,TCP,408,"57008  >  80 [PSH, ACK] Seq=1 Ack=1 Win=65535 Len=354 [TCP PDU reassembled in 49411]",0
403,1143122.993784,10.42.0.13,50559.0,10.42.0.49,52432.0,TCP,54,50508  >  52432 [ACK] Seq=163 Ack=221 Win=65535 Len=0,0.003846
404,1175900.377656,10.42.0.13,5353.0,10.42.0.49,5353.0,MDNS,87,"Standard query 0x0000 TXT MSS210-9f39._hap._tcp.local, ""QU"" question",0.070159
405,319975.44062,10.42.0.49,5353.0,224.0.0.251,5353.0,MDNS,291,"Standard query response 0x0000 TXT, cache flush SRV, cache flush 0 0 52432 Meross_Smart_Plug.local A, cache flush 10.42.0.49 AAAA,",
406,253308.498523,10.42.0.49,52432.0,10.42.0.13,59722.0,HTTP,274,HTTP/1.1 200 OK  (application/pairing+tlv8),0.391533
407,418617.525155,10.42.0.49,61389.0,54.216.1.110,443.0,TCP,54,61389  >  443 [ACK] Seq=149306 Ack=95649 Win=5849 Len=0,0.00718
408,255908.028246,10.42.0.28,20002.0,10.42.0.13,61636.0,UDP,414,20002  >  65790 Len=372,0.120958
409,1159719.924526,10.42.0.49,52432.0,10.42.0.13,50802.0,HTTP,1096,Continuation,0.006868
410,1136710.01949,10.42.0.13,50607.0,10.42.0.49,52432.0,TCP,54,50733  >  52432 [ACK] Seq=163 Ack=221 Win=65535 Len=0,0.002523
411,1180908.63989,10.42.0.49,5353.0,10.42.0.13,5353.0,MDNS,174,"Standard query response 0x0000 TXT MSS210-9f39._hap._tcp.local, ""QU"" question TXT",0.010141
412,263717.158449,10.42.0.13,59484.0,10.42.0.28,80.0,TCP,54,57343  >  80 [ACK] Seq=1 Ack=1 Win=65535 Len=0,0.003371
413,418624.954912,10.42.0.49,52432.0,10.42.0.13,62575.0,HTTP,1096,Continuation,0.006108
414,405127.266925,10.42.0.13,51475.0,10.42.0.49,80.0,TCP,54,51752  >  80 [ACK] Seq=1 Ack=1 Win=65535 Len=0,0.004234
415,173235.011601,10.42.0.49,61385.0,99.81.71.200,443.0,TLSv1.2,123,Application Data,16.691271
416,319410.585861,10.42.0.49,61387.0,54.216.1.110,443.0,TLSv1.2,123,Application Data,18.629151
417,357679.17019,10.42.0.49,5353.0,10.42.0.13,5353.0,MDNS,174,"Standard query response 0x0000 TXT MSS210-9f39._hap._tcp.local, ""QU"" question TXT",0.001184
418,1132280.651186,10.42.0.13,65068.0,10.42.0.49,52432.0,TCP,54,"50855  >  52432 [FIN, ACK] Seq=496 Ack=1781 Win=65535 Len=0",0.169429
419,1147807.823293,10.42.0.13,50420.0,10.42.0.49,52432.0,TCP,54,50940  >  52432 [ACK] Seq=163 Ack=221 Win=65535 Len=0,0.003581
420,351042.057488,10.42.0.28,80.0,10.42.0.13,51351.0,TCP,58,"[TCP Retransmission] 80  >  514072 [SYN, ACK] Seq=0 Ack=1 Win=2920 Len=0 MSS=1460",0.00021
421,1136182.619875,99.81.71.200,443.0,10.42.0.49,61395.0,TLSv1.2,123,Application Data,0.037914
422,408154.833234,10.42.0.13,51432.0,10.42.0.28,80.0,TCP,408,"51482  >  80 [PSH, ACK] Seq=1 Ack=1 Win=65535 Len=354 [TCP PDU reassembled in 47596]",0
423,376475.693819,,,,,MDNS,107,"Standard query 0x0000 TXT MSS210-9f39._hap._tcp.local, ""QU"" question",2.703
424,1184264.793074,10.42.0.13,5353.0,10.42.0.49,5353.0,MDNS,87,"Standard query 0x0000 TXT MSS210-9f39._hap._tcp.local, ""QU"" question",0.009305
425,261084.287825,10.42.0.13,57816.0,10.42.0.28,80.0,TCP,54,57838  >  80 [ACK] Seq=483 Ack=103 Win=65535 Len=0,0.001153
426,405043.42128,10.42.0.49,80.0,10.42.0.13,51462.0,TCP,54,80  >  51439 [ACK] Seq=1 Ack=482 Win=2438 Len=0,0.004739
427,1155690.542731,10.42.0.13,50575.0,10.42.0.49,52432.0,HTTP,305,POST /pair-verify HTTP/1.1  (application/pairing+tlv8),0.001776
428,264322.904846,10.42.0.49,5353.0,10.42.0.13,5353.0,MDNS,169,"Standard query response 0x0000 SRV MSS210-9f39._hap._tcp.local, ""QU"" question SRV 0 0 52432 Meross_Smart_Plug.local A 10",
429,418617.462424,10.42.0.49,61389.0,54.216.1.110,443.0,TCP,54,61389  >  443 [ACK] Seq=83546 Ack=32883 Win=5840 Len=0,0.156856
430,364782.442059,10.42.0.13,61928.0,10.42.0.49,52432.0,TCP,54,61914  >  52432 [ACK] Seq=414 Ack=302 Win=65535 Len=0,0.002551
431,374722.213329,,,,,MDNS,107,"Standard query 0x0000 TXT MSS210-9f39._hap._tcp.local, ""QU"" question",2.734
432,1177735.587528,10.42.0.49,52432.0,10.42.0.13,50856.0,TCP,54,"52432  >  50541 [FIN, ACK] Seq=1781 Ack=497 Win=5344 Len=0",0.003227
433,1161187.902146,10.42.0.49,61395.0,99.81.71.200,443.0,TCP,54,61395  >  443 [ACK] Seq=28626 Ack=104367 Win=511 Len=0,0.105593
434,240343.839645,10.42.0.13,59477.0,10.42.0.28,80.0,HTTP/JSON,401,"POST /config HTTP/1.1 , JSON (application/json)",0.000311
435,366988.829303,10.42.0.49,61388.0,54.216.1.110,443.0,TLSv1.2,555,Application Data,0.274396
436,405026.962553,10.42.0.28,55989.0,34.243.103.189,443.0,TCP,54,55989  >  443 [ACK] Seq=19220 Ack=2292 Win=1652 Len=0,0.161489
437,255907.315912,10.42.0.13,52748.0,10.42.0.28,80.0,TCP,54,52749  >  80 [ACK] Seq=482 Ack=103 Win=65535 Len=0,0.001054
438,1160700.983462,10.42.0.49,52432.0,10.42.0.13,50525.0,TCP,54,52432  >  50606 [ACK] Seq=1781 Ack=497 Win=5344 Len=0,0.008393
439,423984.899842,10.42.0.49,61389.0,54.216.1.110,443.0,TLSv1.2,539,Application Data,0.060263
440,411001.719222,10.42.0.28,80.0,10.42.0.13,51406.0,HTTP,502,HTTP/1.1 200 OK  (text/html),0.000878
441,361353.916263,,,,,MDNS,107,"Standard query 0x0000 TXT MSS210-9f39._hap._tcp.local, ""QU"" question",0.419
442,356665.643891,,,,,MDNS,194,"Standard query response 0x0000 TXT MSS210-9f39._hap._tcp.local, ""QU"" question TXT",0.0
443,405091.100725,10.42.0.13,51481.0,10.42.0.28,80.0,TCP,54,51541  >  80 [ACK] Seq=1 Ack=1 Win=65535 Len=0,0.001654
444,175141.670252,10.42.0.28,58272.0,54.170.92.104,443.0,TLSv1.2,267,Application Data,0.020637
445,408131.541709,10.42.0.49,61389.0,54.216.1.110,443.0,TLSv1.2,123,Application Data,5.228805
446,350988.834838,10.42.0.28,55988.0,34.241.185.170,443.0,TLSv1.2,123,Application Data,7.607446
447,428600.658952,10.42.0.49,52432.0,10.42.0.13,62902.0,TCP,54,52432  >  62382 [ACK] Seq=1 Ack=163 Win=5678 Len=0,0.005393
448,256234.276675,10.42.0.28,58273.0,52.212.130.239,443.0,TLSv1.2,123,Application Data,0.091596
449,1149416.95889,10.42.0.13,50508.0,10.42.0.49,52432.0,TCP,54,[TCP Keep-Alive] 50552  >  52432 [ACK] Seq=495 Ack=1781 Win=65535 Len=0,0.132
450,422073.571565,10.42.0.49,61389.0,54.216.1.110,443.0,TLSv1.2,539,Application Data,0.057622
451,426273.410877,10.42.0.49,61389.0,54.216.1.110,443.0,TLSv1.2,555,Application Data,0.106731
452,1182631.586025,10.42.0.49,61395.0,99.81.71.200,443.0,TCP,54,61395  >  443 [ACK] Seq=19907 Ack=20268 Win=5202 Len=0,0.116352
453,378978.062522,10.42.0.49,5353.0,10.42.0.13,5353.0,MDNS,174,"Standard query response 0x0000 TXT MSS210-9f39._hap._tcp.local, ""QU"" question TXT",0.005666
454,1162031.158868,10.42.0.13,50615.0,10.42.0.49,52432.0,HTTP,216,POST /pair-verify HTTP/1.1  (application/pairing+tlv8),0.000625
455,158263.926244,10.42.0.49,52432.0,10.42.0.13,58698.0,HTTP,135,HTTP/1.1 200 OK  (application/pairing+tlv8),0.043287
456,321988.376386,10.42.0.49,61387.0,54.216.1.110,443.0,TLSv1.2,539,Application Data,0.104131
457,418620.176078,54.216.1.110,443.0,10.42.0.49,61389.0,TLSv1.2,123,Application Data,0.038376
458,411004.505443,10.42.0.13,51749.0,10.42.0.28,80.0,TCP,54,51480  >  80 [ACK] Seq=483 Ack=552 Win=65535 Len=0,0.002938
459,250982.134999,10.42.0.13,57148.0,10.42.0.49,52432.0,TCP,54,59828  >  52432 [ACK] Seq=497 Ack=1782 Win=65535 Len=0,0.002825
460,351001.430262,,,,,MDNS,325,"Standard query response 0x0000 PTR MSS210-9f39._hap._tcp.local SRV, cache flush 0 0 52432 Meross_Smart_Plug.local TXT, cache flush A",
461,242721.808787,10.42.0.49,5353.0,224.0.0.251,5353.0,MDNS,305,"Standard query response 0x0000 PTR MSS210-9f39._hap._tcp.local SRV, cache flush 0 0 52432 Meross_Smart_Plug.local TXT, cache flush A,",
462,1167034.379278,10.42.0.13,50826.0,10.42.0.49,52432.0,HTTP,305,POST /pair-verify HTTP/1.1  (application/pairing+tlv8),0.018545
463,316017.081056,,,,,MDNS,311,"Standard query response 0x0000 TXT, cache flush SRV, cache flush 0 0 52432 Meross_Smart_Plug.local A, cache flush 10.42.0.49 AAA",
464,351024.380566,10.42.0.13,51383.0,10.42.0.28,80.0,TCP,54,51352  >  80 [ACK] Seq=515 Ack=103 Win=65535 Len=0,0.000104
465,1145926.641028,10.42.0.49,61395.0,99.81.71.200,443.0,TCP,54,61395  >  443 [ACK] Seq=125214 Ack=9002 Win=5389 Len=0,0.213329
466,422191.031847,10.42.0.49,52432.0,10.42.0.13,62712.0,TCP,54,52432  >  62628 [ACK] Seq=1 Ack=163 Win=5678 Len=0,0.006389
467,3858.04909,,,,,MDNS,194,"Standard query response 0x0000 TXT MSS210-9f39._hap._tcp.local, ""QU"" question TXT",0.02
468,316464.037068,10.42.0.49,5353.0,224.0.0.251,5353.0,MDNS,305,"Standard query response 0x0000 PTR MSS210-9f39._hap._tcp.local SRV, cache flush 0 0 52432 Meross_Smart_Plug.local TXT, cache flush A,",
469,370916.882114,10.42.0.13,51387.0,10.42.0.28,80.0,TCP,54,51345  >  80 [ACK] Seq=482 Ack=102 Win=65535 Len=0,0.000289
470,324156.580041,54.216.1.110,443.0,10.42.0.49,61388.0,TLSv1.2,123,Application Data,0.036041
471,1149117.543935,10.42.0.49,5353.0,10.42.0.13,5353.0,MDNS,174,"Standard query response 0x0000 TXT MSS210-9f39._hap._tcp.local, ""QU"" question TXT",0.014534
472,248921.72004,10.42.0.49,61381.0,54.216.1.110,443.0,TLSv1.2,555,Application Data,0.113087
473,418617.997259,10.42.0.49,61389.0,54.216.1.110,443.0,TLSv1.2,555,Application Data,0.041037
474,418561.290219,10.42.0.13,51092.0,10.42.0.28,80.0,TCP,54,51711  >  80 [ACK] Seq=482 Ack=103 Win=65535 Len=0,0.003948
475,411001.605961,10.42.0.13,51719.0,10.42.0.28,80.0,TCP,54,51794  >  80 [ACK] Seq=514 Ack=103 Win=65535 Len=0,0.001017
476,1161411.684219,10.42.0.13,50522.0,10.42.0.49,52432.0,TCP,54,"50568  >  52432 [FIN, ACK] Seq=496 Ack=1781 Win=65535 Len=0",4.103108
477,1158306.028794,10.42.0.49,5353.0,10.42.0.13,5353.0,MDNS,174,"Standard query response 0x0000 TXT MSS210-9f39._hap._tcp.local, ""QU"" question TXT",0.002023
478,175585.102633,54.170.92.104,443.0,10.42.0.28,58272.0,TCP,54,443  >  58272 [ACK] Seq=163 Ack=162497 Win=65535 Len=0,0.002758
479,166229.676589,10.42.0.49,61385.0,99.81.71.200,443.0,TLSv1.2,555,Application Data,0.109831
480,1145770.663487,10.42.0.49,61395.0,99.81.71.200,443.0,TLSv1.2,555,Application Data,0.10936
481,1157008.587712,10.42.0.49,61395.0,99.81.71.200,443.0,TLSv1.2,555,Application Data,0.031556
482,377793.40932,10.42.0.49,61388.0,54.216.1.110,443.0,TCP,54,61388  >  443 [ACK] Seq=117080 Ack=113337 Win=5202 Len=0,0.215049
483,2612.54836,10.42.0.140,59823.0,10.42.0.28,80.0,TCP,78,"59829  >  80 [SYN, ECE, CWR, AE] Seq=0 Win=65535 Len=0 MSS=1460 WS=64 TSval=384778100",
484,1165690.354564,99.81.71.200,443.0,10.42.0.49,61395.0,TLSv1.2,123,Application Data,0.037992
485,320036.262578,10.42.0.13,60917.0,10.42.0.49,52432.0,TCP,54,60923  >  52432 [ACK] Seq=496 Ack=1781 Win=65535 Len=0,0.005934
486,252873.778496,10.42.0.49,61386.0,54.216.1.110,443.0,TLSv1.2,539,Application Data,0.108806
487,264549.939334,10.42.0.28,58273.0,52.212.130.239,443.0,TCP,54,58273  >  443 [ACK] Seq=37665 Ack=16002 Win=2117 Len=0,0.017599
488,321308.815842,10.42.0.49,52432.0,10.42.0.13,60830.0,TCP,54,52432  >  62953 [ACK] Seq=1781 Ack=497 Win=5344 Len=0,0.001365
489,360486.892948,10.42.0.49,52432.0,10.42.0.13,61715.0,TCP,54,52432  >  61969 [ACK] Seq=1 Ack=163 Win=5678 Len=0,0.17485
490,416849.082886,10.42.0.49,61389.0,54.216.1.110,443.0,TCP,54,61389  >  443 [ACK] Seq=16397 Ack=21314 Win=5840 Len=0,0.221529
491,416841.490973,10.42.0.28,55989.0,34.243.103.189,443.0,TLSv1.2,123,Application Data,0.09611
492,237089.283679,54.216.1.110,443.0,10.42.0.49,61386.0,TLSv1.2,123,Application Data,0.034098
493,1137621.656143,10.42.0.13,50406.0,10.42.0.49,52432.0,TCP,54,50406  >  52432 [ACK] Seq=163 Ack=221 Win=65535 Len=0,0.000199
494,1168263.265234,10.42.0.13,50393.0,10.42.0.28,80.0,TCP,54,63050  >  80 [ACK] Seq=583 Ack=422 Win=65535 Len=0,0.005727
495,1175055.659416,10.42.0.13,50557.0,10.42.0.49,52432.0,TCP,54,50555  >  52432 [ACK] Seq=163 Ack=221 Win=65535 Len=0,0.003746
496,415422.640759,10.42.0.13,5353.0,10.42.0.49,5353.0,MDNS,87,"Standard query 0x0000 TXT MSS210-9f39._hap._tcp.local, ""QU"" question",0.001563
497,176116.695583,10.42.0.13,58259.0,10.42.0.49,52432.0,HTTP,305,POST /pair-verify HTTP/1.1  (application/pairing+tlv8),0.00115
498,429590.624504,10.42.0.49,61389.0,54.216.1.110,443.0,TLSv1.2,555,Application Data,0.111417
499,346200.075636,10.42.0.49,52432.0,10.42.0.13,61833.0,TCP,54,52432  >  61902 [ACK] Seq=1781 Ack=497 Win=5344 Len=0,0.019504
500,160074.687424,54.170.92.104,443.0,10.42.0.28,58272.0,TLSv1.2,123,Application Data,0.03481
