No.,Time,Source,Source port,Destination,Protocol,Destination port,Length,Info,Date time
1,13.135448,192.168.0.77,22267,10.0.0.71,TCP,8551,922,Info_356,2025-05-06 18:09:23
2,35.070644,192.168.0.79,23710,10.0.0.0,ICMP,10445,1119,Info_114,2025-05-06 18:09:24
3,113.15657,192.168.0.14,1386,10.0.0.220,UDP,3003,2357,Info_920,2025-05-06 18:09:25
4,25.182802,192.168.0.118,1770,10.0.0.133,ICMP,9988,1172,Info_291,2025-05-06 18:09:26
5,0.9787818,192.168.0.41,12916,10.0.0.60,TCP,10700,1456,Info_589,2025-05-06 18:09:27
6,33.52728,192.168.0.16,14590,10.0.0.196,ICMP,17388,197,Info_479,2025-05-06 18:09:28
7,121.607765,192.168.0.4,5916,10.0.0.118,UDP,1440,929,Info_157,2025-05-06 18:09:29
8,17.906942,192.168.0.117,9376,10.0.0.7,UDP,11090,2297,Info_637,2025-05-06 18:09:30
9,27.965364,192.168.0.127,4949,10.0.0.3,UDP,9315,1657,Info_71,2025-05-06 18:09:31
10,80.69214,192.168.0.35,6429,10.0.0.23,ICMP,12687,1840,Info_480,2025-05-06 18:09:32
11,116.79299,192.168.0.19,2501,10.0.0.82,UDP,1804,319,Info_686,2025-05-06 18:09:33
12,128.74051,192.168.0.4,568,10.0.0.29,UDP,879,1158,Info_110,2025-05-06 18:09:34
13,14.022621,192.168.0.103,14707,10.0.0.104,ICMP,318,3284,Info_116,2025-05-06 18:09:35
14,180.9662,192.168.0.112,14807,10.0.0.45,TCP,16208,752,Info_838,2025-05-06 18:09:36
15,428.9364,192.168.0.48,107,10.0.0.77,UDP,2708,177,Info_773,2025-05-06 18:09:37
16,28.456873,192.168.0.75,14905,10.0.0.147,UDP,16162,362,Info_920,2025-05-06 18:09:38
17,124.29032,192.168.0.88,2269,10.0.0.5,TCP,2571,2589,Info_125,2025-05-06 18:09:39
18,63.003994,192.168.0.26,9029,10.0.0.65,UDP,6963,1927,Info_194,2025-05-06 18:09:40
19,175.25899,192.168.0.104,1418,10.0.0.17,ICMP,2542,1114,Info_9,2025-05-06 18:09:41
20,29.375967,192.168.0.68,370,10.0.0.128,ICMP,11003,2287,Info_474,2025-05-06 18:09:42
21,12.277974,192.168.0.154,6835,10.0.0.138,TCP,940,582,Info_614,2025-05-06 18:09:43
22,13.78767,192.168.0.103,587,10.0.0.105,ICMP,16,103,Info_790,2025-05-06 18:09:44
23,19.878761,192.168.0.225,4449,10.0.0.118,UDP,965,764,Info_483,2025-05-06 18:09:45
24,12.537287,192.168.0.250,747,10.0.0.38,ICMP,1272,346,Info_388,2025-05-06 18:09:46
25,43.315346,192.168.0.243,5622,10.0.0.165,ICMP,1116,1048,Info_281,2025-05-06 18:09:47
26,5.5271106,192.168.0.18,3641,10.0.0.181,UDP,8,66,Info_350,2025-05-06 18:09:48
27,39.039757,192.168.0.93,5273,10.0.0.235,TCP,114,1051,Info_920,2025-05-06 18:09:49
28,25.211262,192.168.0.153,4049,10.0.0.44,ICMP,5,720,Info_901,2025-05-06 18:09:50
29,35.417675,192.168.0.196,4821,10.0.0.221,ICMP,127,834,Info_214,2025-05-06 18:09:51
30,41.454308,192.168.0.250,4361,10.0.0.250,UDP,279,753,Info_647,2025-05-06 18:09:52
31,52.631664,192.168.0.142,2640,10.0.0.230,UDP,585,582,Info_247,2025-05-06 18:09:53
32,82.722206,192.168.0.189,347,10.0.0.80,TCP,3156,791,Info_245,2025-05-06 18:09:54
33,52.69855,192.168.0.243,1189,10.0.0.61,ICMP,3383,381,Info_147,2025-05-06 18:09:55
34,63.90602,192.168.0.169,1491,10.0.0.228,ICMP,1237,649,Info_986,2025-05-06 18:09:56
35,50.192493,192.168.0.11,99,10.0.0.230,TCP,4437,452,Info_946,2025-05-06 18:09:57
36,35.820366,192.168.0.33,6245,10.0.0.99,UDP,2957,105,Info_356,2025-05-06 18:09:58
37,42.03645,192.168.0.223,2784,10.0.0.48,UDP,3057,305,Info_978,2025-05-06 18:09:59
38,15.695427,192.168.0.147,5767,10.0.0.80,UDP,3883,25,Info_80,2025-05-06 18:10:00
39,19.022451,192.168.0.249,3927,10.0.0.42,TCP,3670,168,Info_348,2025-05-06 18:10:01
40,3.7275062,192.168.0.111,5347,10.0.0.228,ICMP,4404,164,Info_780,2025-05-06 18:10:02
41,1.3403342,192.168.0.50,5413,10.0.0.208,UDP,4856,276,Info_574,2025-05-06 18:10:03
42,1.898761,192.168.0.9,6156,10.0.0.145,ICMP,4805,319,Info_442,2025-05-06 18:10:04
43,1.8216863,192.168.0.136,5980,10.0.0.84,TCP,5137,399,Info_870,2025-05-06 18:10:05
44,4.094358,192.168.0.109,6201,10.0.0.61,ICMP,5119,439,Info_732,2025-05-06 18:10:06
45,5.3050833,192.168.0.96,6226,10.0.0.35,ICMP,5005,452,Info_114,2025-05-06 18:10:07
46,5.6668177,192.168.0.29,5856,10.0.0.9,ICMP,4976,453,Info_684,2025-05-06 18:10:08
47,8.379002,192.168.0.10,5706,10.0.0.35,ICMP,4919,420,Info_374,2025-05-06 18:10:09
48,9.260668,192.168.0.245,5536,10.0.0.54,ICMP,5033,401,Info_30,2025-05-06 18:10:10
49,10.523124,192.168.0.248,5432,10.0.0.76,TCP,5085,372,Info_144,2025-05-06 18:10:11
50,12.35586,192.168.0.228,5250,10.0.0.83,TCP,5079,348,Info_214,2025-05-06 18:10:12
51,12.885411,192.168.0.208,5017,10.0.0.88,TCP,5029,315,Info_348,2025-05-06 18:10:13
52,12.701769,192.168.0.180,4772,10.0.0.80,TCP,4937,287,Info_8,2025-05-06 18:10:14
53,13.075943,192.168.0.169,4598,10.0.0.87,TCP,4893,259,Info_508,2025-05-06 18:10:15
54,14.065404,192.168.0.154,4456,10.0.0.88,TCP,4882,237,Info_890,2025-05-06 18:10:16
55,15.556367,192.168.0.145,4367,10.0.0.82,TCP,4772,211,Info_880,2025-05-06 18:10:17
56,17.421026,192.168.0.137,4319,10.0.0.76,UDP,4677,192,Info_712,2025-05-06 18:10:18
57,18.253572,192.168.0.111,4259,10.0.0.53,UDP,4636,188,Info_692,2025-05-06 18:10:19
58,18.362875,192.168.0.78,4183,10.0.0.22,UDP,4629,193,Info_228,2025-05-06 18:10:20
59,18.644161,192.168.0.109,4314,10.0.0.25,UDP,4613,189,Info_660,2025-05-06 18:10:21
60,17.288477,192.168.0.69,4248,10.0.0.237,UDP,4569,192,Info_66,2025-05-06 18:10:22
61,18.704935,192.168.0.49,4269,10.0.0.231,UDP,4534,188,Info_734,2025-05-06 18:10:23
62,19.124575,192.168.0.2,4222,10.0.0.202,UDP,4434,191,Info_710,2025-05-06 18:10:24
63,20.130272,192.168.0.213,4173,10.0.0.193,UDP,4266,181,Info_122,2025-05-06 18:10:25
64,19.610865,192.168.0.167,4082,10.0.0.146,UDP,4196,196,Info_792,2025-05-06 18:10:26
65,20.85367,192.168.0.181,4126,10.0.0.167,TCP,4111,177,Info_208,2025-05-06 18:10:27
66,18.98988,192.168.0.125,4053,10.0.0.94,TCP,4090,201,Info_238,2025-05-06 18:10:28
67,22.069498,192.168.0.185,4232,10.0.0.172,TCP,3978,158,Info_942,2025-05-06 18:10:29
68,17.564722,192.168.0.55,3911,10.0.0.15,UDP,3903,216,Info_28,2025-05-06 18:10:30
69,28.417545,192.168.0.221,4549,10.0.0.173,ICMP,3613,111,Info_200,2025-05-06 18:10:31
70,8.080454,192.168.0.95,3158,10.0.0.66,ICMP,3681,275,Info_46,2025-05-06 18:10:32
71,47.874886,192.168.0.207,5840,10.0.0.191,UDP,2432,36,Info_660,2025-05-06 18:10:33
72,10.300676,192.168.0.175,1406,10.0.0.94,UDP,4430,331,Info_593,2025-05-06 18:10:34
73,59.536217,192.168.0.185,6556,10.0.0.103,UDP,1132,19,Info_348,2025-05-06 18:10:35
74,6.1411576,192.168.0.194,1664,10.0.0.30,ICMP,4279,227,Info_266,2025-05-06 18:10:36
75,56.30792,192.168.0.91,6930,10.0.0.5,TCP,1236,52,Info_526,2025-05-06 18:10:37
76,0.6453112,192.168.0.190,1399,10.0.0.0,TCP,4440,268,Info_532,2025-05-06 18:10:38
77,57.941406,192.168.0.99,7194,10.0.0.147,UDP,826,33,Info_902,2025-05-06 18:10:39
78,2.7814343,192.168.0.213,1626,10.0.0.23,TCP,4398,235,Info_522,2025-05-06 18:10:40
79,55.590767,192.168.0.146,7312,10.0.0.199,UDP,986,21,Info_960,2025-05-06 18:10:41
80,2.4037526,192.168.0.217,1577,10.0.0.193,UDP,4447,291,Info_148,2025-05-06 18:10:42
81,57.05741,192.168.0.147,7525,10.0.0.89,ICMP,530,2,Info_762,2025-05-06 18:10:43
82,1.248379,192.168.0.224,1748,10.0.0.214,ICMP,4378,255,Info_482,2025-05-06 18:10:44
83,55.019516,192.168.0.192,7699,10.0.0.140,ICMP,591,3,Info_234,2025-05-06 18:10:45
84,5.3762,192.168.0.218,1591,10.0.0.198,ICMP,4641,284,Info_982,2025-05-06 18:10:46
85,55.577595,192.168.0.206,7856,10.0.0.92,ICMP,375,14,Info_134,2025-05-06 18:10:47
86,0.9033486,192.168.0.189,1544,10.0.0.182,TCP,4486,272,Info_580,2025-05-06 18:10:48
87,57.32334,192.168.0.210,8105,10.0.0.7,TCP,134,15,Info_806,2025-05-06 18:10:49
88,1.7927363,192.168.0.166,1569,10.0.0.222,TCP,4172,145,Info_296,2025-05-06 18:10:50
89,55.41329,192.168.0.209,8126,10.0.0.45,TCP,78,19,Info_148,2025-05-06 18:10:51
90,0.68653077,192.168.0.166,1511,10.0.0.159,UDP,4260,226,Info_524,2025-05-06 18:10:52
91,56.190807,192.168.0.218,8221,10.0.0.211,UDP,261,35,Info_70,2025-05-06 18:10:53
92,2.6098416,192.168.0.141,1295,10.0.0.157,UDP,4323,219,Info_110,2025-05-06 18:10:54
93,56.122726,192.168.0.221,8278,10.0.0.176,UDP,360,48,Info_680,2025-05-06 18:10:55
94,2.2922323,192.168.0.133,1268,10.0.0.162,ICMP,4147,167,Info_104,2025-05-06 18:10:56
95,55.26156,192.168.0.211,8287,10.0.0.176,UDP,441,46,Info_208,2025-05-06 18:10:57
96,4.3369694,192.168.0.111,1026,10.0.0.147,ICMP,4185,174,Info_458,2025-05-06 18:10:58
97,55.708046,192.168.0.207,8345,10.0.0.126,ICMP,647,51,Info_894,2025-05-06 18:10:59
98,3.699796,192.168.0.107,977,10.0.0.152,ICMP,3960,113,Info_776,2025-05-06 18:11:00
99,56.23175,192.168.0.204,8355,10.0.0.97,ICMP,939,35,Info_218,2025-05-06 18:11:01
100,2.657275,192.168.0.128,1072,10.0.0.139,TCP,3629,51,Info_886,2025-05-06 18:11:02
101,55.580444,192.168.0.183,8226,10.0.0.91,ICMP,1062,14,Info_838,2025-05-06 18:11:03
102,5.5020256,192.168.0.104,829,10.0.0.111,TCP,3720,83,Info_792,2025-05-06 18:11:04
103,55.455215,192.168.0.200,8273,10.0.0.65,ICMP,1115,28,Info_250,2025-05-06 18:11:05
104,10.96112,192.168.0.57,353,10.0.0.83,UDP,4007,143,Info_580,2025-05-06 18:11:06
105,56.99089,192.168.0.199,8489,10.0.0.211,TCP,1371,69,Info_952,2025-05-06 18:11:07
106,6.7574067,192.168.0.92,557,10.0.0.149,UDP,3619,5,Info_476,2025-05-06 18:11:08
107,51.63322,192.168.0.118,8032,10.0.0.8,TCP,957,32,Info_512,2025-05-06 18:11:09
108,7.624714,192.168.0.142,940,10.0.0.60,UDP,3255,15,Info_538,2025-05-06 18:11:10
109,50.226063,192.168.0.41,7895,10.0.0.198,TCP,1163,24,Info_604,2025-05-06 18:11:11
110,6.956236,192.168.0.185,1155,10.0.0.46,UDP,2958,17,Info_348,2025-05-06 18:11:12
111,49.01604,192.168.0.247,7786,10.0.0.166,TCP,1100,26,Info_876,2025-05-06 18:11:13
112,4.529099,192.168.0.23,1810,10.0.0.231,TCP,2301,56,Info_792,2025-05-06 18:11:14
113,43.077,192.168.0.90,7030,10.0.0.160,UDP,858,17,Info_840,2025-05-06 18:11:15
114,3.6952183,192.168.0.72,2187,10.0.0.170,TCP,2030,34,Info_564,2025-05-06 18:11:16
115,40.34353,192.168.0.26,6749,10.0.0.139,UDP,638,24,Info_334,2025-05-06 18:11:17
116,5.462472,192.168.0.76,2195,10.0.0.121,UDP,2076,13,Info_254,2025-05-06 18:11:18
117,44.360954,192.168.0.80,7005,10.0.0.143,UDP,883,32,Info_124,2025-05-06 18:11:19
118,5.7731314,192.168.0.60,2103,10.0.0.108,UDP,1989,6,Info_998,2025-05-06 18:11:20
119,46.271854,192.168.0.49,6782,10.0.0.144,UDP,1027,56,Info_558,2025-05-06 18:11:21
120,3.2593057,192.168.0.70,2260,10.0.0.91,TCP,1692,44,Info_276,2025-05-06 18:11:22
121,42.8073,192.168.0.194,6277,10.0.0.142,UDP,762,75,Info_212,2025-05-06 18:11:23
122,2.3098395,192.168.0.138,2655,10.0.0.55,TCP,1445,36,Info_178,2025-05-06 18:11:24
123,41.67424,192.168.0.174,6162,10.0.0.138,ICMP,646,81,Info_390,2025-05-06 18:11:25
124,1.5789554,192.168.0.192,2962,10.0.0.29,TCP,1300,34,Info_292,2025-05-06 18:11:26
125,41.674404,192.168.0.161,6062,10.0.0.138,ICMP,599,87,Info_946,2025-05-06 18:11:27
126,2.9121683,192.168.0.209,2968,10.0.0.30,TCP,1413,30,Info_290,2025-05-06 18:11:28
127,39.691715,192.168.0.169,6139,10.0.0.127,ICMP,376,85,Info_714,2025-05-06 18:11:29
128,7.411687,192.168.0.188,2668,10.0.0.16,UDP,1734,2,Info_642,2025-05-06 18:11:30
129,44.84454,192.168.0.43,6710,10.0.0.130,ICMP,583,72,Info_430,2025-05-06 18:11:31
130,8.73851,192.168.0.150,2415,10.0.0.6,UDP,1851,6,Info_726,2025-05-06 18:11:32
131,48.72944,192.168.0.53,6866,10.0.0.91,ICMP,902,64,Info_874,2025-05-06 18:11:33
132,3.9401934,192.168.0.139,2598,10.0.0.253,UDP,1541,40,Info_742,2025-05-06 18:11:34
133,45.67389,192.168.0.210,6433,10.0.0.98,ICMP,593,76,Info_678,2025-05-06 18:11:35
134,4.0608926,192.168.0.202,2903,10.0.0.245,UDP,1547,32,Info_152,2025-05-06 18:11:36
135,44.976635,192.168.0.37,6714,10.0.0.106,ICMP,472,70,Info_992,2025-05-06 18:11:37
136,7.577519,192.168.0.205,2727,10.0.0.220,ICMP,1815,11,Info_420,2025-05-06 18:11:38
137,48.401623,192.168.0.110,7336,10.0.0.34,TCP,857,39,Info_326,2025-05-06 18:11:39
138,6.768052,192.168.0.163,2566,10.0.0.220,ICMP,1774,10,Info_466,2025-05-06 18:11:40
139,47.36683,192.168.0.118,7344,10.0.0.42,TCP,711,40,Info_160,2025-05-06 18:11:41
140,9.511225,192.168.0.147,2394,10.0.0.188,ICMP,1906,16,Info_752,2025-05-06 18:11:42
141,48.18719,192.168.0.124,7533,10.0.0.249,TCP,862,24,Info_750,2025-05-06 18:11:43
142,6.2338157,192.168.0.161,2613,10.0.0.199,ICMP,1722,14,Info_286,2025-05-06 18:11:44
143,47.630684,192.168.0.99,7412,10.0.0.249,TCP,743,25,Info_402,2025-05-06 18:11:45
144,0.36983043,192.168.0.221,3317,10.0.0.179,UDP,1225,55,Info_340,2025-05-06 18:11:46
145,45.523758,192.168.0.13,6811,10.0.0.22,TCP,441,45,Info_444,2025-05-06 18:11:47
146,4.0060477,192.168.0.81,3886,10.0.0.186,UDP,1142,47,Info_216,2025-05-06 18:11:48
147,43.359203,192.168.0.63,6977,10.0.0.34,TCP,255,44,Info_410,2025-05-06 18:11:49
148,2.543266,192.168.0.115,3836,10.0.0.168,UDP,1356,7,Info_262,2025-05-06 18:11:50
149,45.39811,192.168.0.131,7500,10.0.0.4,UDP,444,23,Info_716,2025-05-06 18:11:51
150,3.906627,192.168.0.116,3935,10.0.0.176,UDP,1250,27,Info_534,2025-05-06 18:11:52
151,44.973522,192.168.0.114,7427,10.0.0.252,UDP,379,22,Info_258,2025-05-06 18:11:53
152,7.511516,192.168.0.163,4293,10.0.0.181,UDP,1082,40,Info_108,2025-05-06 18:11:54
153,43.83581,192.168.0.123,7404,10.0.0.4,UDP,289,24,Info_124,2025-05-06 18:11:55
154,12.762637,192.168.0.251,4797,10.0.0.193,UDP,940,36,Info_632,2025-05-06 18:11:56
155,43.687088,192.168.0.137,7491,10.0.0.254,UDP,279,22,Info_42,2025-05-06 18:11:57
156,22.321577,192.168.0.104,5581,10.0.0.214,UDP,588,50,Info_510,2025-05-06 18:11:58
157,41.896908,192.168.0.121,7329,10.0.0.254,UDP,175,27,Info_410,2025-05-06 18:11:59
158,25.466173,192.168.0.182,5980,10.0.0.223,UDP,500,41,Info_476,2025-05-06 18:12:00
159,38.878864,192.168.0.167,7283,10.0.0.16,UDP,19,23,Info_208,2025-05-06 18:12:01
160,21.30117,192.168.0.233,5943,10.0.0.231,UDP,753,14,Info_438,2025-05-06 18:12:02
161,39.43215,192.168.0.245,7562,10.0.0.35,UDP,47,19,Info_20,2025-05-06 18:12:03
162,20.169945,192.168.0.224,5862,10.0.0.226,UDP,811,15,Info_976,2025-05-06 18:12:04
163,40.286358,192.168.0.201,7556,10.0.0.6,ICMP,100,23,Info_430,2025-05-06 18:12:05
164,22.767265,192.168.0.198,5915,10.0.0.216,ICMP,642,39,Info_232,2025-05-06 18:12:06
165,38.484116,192.168.0.160,7282,10.0.0.1,ICMP,16,32,Info_788,2025-05-06 18:12:07
166,23.939354,192.168.0.1,6095,10.0.0.224,ICMP,630,37,Info_230,2025-05-06 18:12:08
167,37.498276,192.168.0.184,7305,10.0.0.10,ICMP,57,29,Info_110,2025-05-06 18:12:09
168,25.904661,192.168.0.58,6372,10.0.0.237,ICMP,583,34,Info_598,2025-05-06 18:12:10
169,36.02248,192.168.0.188,7246,10.0.0.10,ICMP,134,29,Info_98,2025-05-06 18:12:11
170,23.882647,192.168.0.70,6331,10.0.0.239,ICMP,709,25,Info_316,2025-05-06 18:12:12
171,31.74705,192.168.0.207,7089,10.0.0.16,ICMP,347,23,Info_104,2025-05-06 18:12:13
172,17.489273,192.168.0.66,5928,10.0.0.247,ICMP,1034,1,Info_706,2025-05-06 18:12:14
173,30.69957,192.168.0.15,7195,10.0.0.40,ICMP,392,15,Info_868,2025-05-06 18:12:15
174,14.762743,192.168.0.44,5724,10.0.0.242,ICMP,1153,4,Info_676,2025-05-06 18:12:16
175,34.375305,192.168.0.254,7392,10.0.0.27,TCP,219,29,Info_770,2025-05-06 18:12:17
176,15.038927,192.168.0.220,5614,10.0.0.225,TCP,1133,12,Info_690,2025-05-06 18:12:18
177,33.77884,192.168.0.217,7265,10.0.0.19,TCP,269,34,Info_186,2025-05-06 18:12:19
178,11.442383,192.168.0.207,5374,10.0.0.223,TCP,1293,1,Info_698,2025-05-06 18:12:20
179,32.32773,192.168.0.23,7366,10.0.0.38,TCP,324,31,Info_940,2025-05-06 18:12:21
180,5.8138924,192.168.0.187,5067,10.0.0.211,TCP,1444,20,Info_582,2025-05-06 18:12:22
181,32.928284,192.168.0.44,7507,10.0.0.37,TCP,317,31,Info_638,2025-05-06 18:12:23
182,1.7613962,192.168.0.127,4782,10.0.0.183,TCP,1525,25,Info_136,2025-05-06 18:12:24
183,31.752295,192.168.0.27,7402,10.0.0.37,TCP,388,35,Info_672,2025-05-06 18:12:25
184,10.263888,192.168.0.211,3952,10.0.0.109,UDP,1915,72,Info_652,2025-05-06 18:12:26
185,35.863094,192.168.0.33,7787,10.0.0.1,UDP,219,26,Info_886,2025-05-06 18:12:27
186,13.57073,192.168.0.140,3607,10.0.0.78,ICMP,2030,82,Info_718,2025-05-06 18:12:28
187,37.14232,192.168.0.14,7919,10.0.0.213,UDP,65,17,Info_86,2025-05-06 18:12:29
188,4.19151,192.168.0.245,4153,10.0.0.145,UDP,1672,18,Info_66,2025-05-06 18:12:30
189,32.89954,192.168.0.225,7401,10.0.0.8,UDP,403,39,Info_328,2025-05-06 18:12:31
190,5.9661193,192.168.0.19,4279,10.0.0.141,UDP,1788,38,Info_28,2025-05-06 18:12:32
191,30.717855,192.168.0.18,7433,10.0.0.33,UDP,498,38,Info_378,2025-05-06 18:12:33
192,16.245703,192.168.0.177,3669,10.0.0.112,ICMP,2195,89,Info_548,2025-05-06 18:12:34
193,33.479935,192.168.0.84,7937,10.0.0.12,ICMP,324,23,Info_234,2025-05-06 18:12:35
194,17.666487,192.168.0.128,3437,10.0.0.99,ICMP,2290,92,Info_318,2025-05-06 18:12:36
195,33.334858,192.168.0.68,7936,10.0.0.252,ICMP,319,20,Info_370,2025-05-06 18:12:37
196,19.913618,192.168.0.87,3231,10.0.0.88,ICMP,2389,100,Info_442,2025-05-06 18:12:38
197,32.715767,192.168.0.65,7907,10.0.0.0,ICMP,361,20,Info_840,2025-05-06 18:12:39
198,20.692532,192.168.0.85,3210,10.0.0.92,ICMP,2429,100,Info_654,2025-05-06 18:12:40
199,32.715244,192.168.0.52,7898,10.0.0.242,ICMP,321,19,Info_210,2025-05-06 18:12:41
200,11.016541,192.168.0.222,4022,10.0.0.125,ICMP,1917,34,Info_450,2025-05-06 18:12:42
201,28.540855,192.168.0.220,7260,10.0.0.27,UDP,626,48,Info_204,2025-05-06 18:12:43
202,12.932305,192.168.0.238,4047,10.0.0.132,ICMP,2029,49,Info_802,2025-05-06 18:12:44
203,25.47695,192.168.0.6,7212,10.0.0.58,UDP,750,51,Info_460,2025-05-06 18:12:45
204,28.260952,192.168.0.53,2786,10.0.0.122,TCP,2871,135,Info_846,2025-05-06 18:12:46
205,29.364283,192.168.0.135,8035,10.0.0.31,ICMP,494,15,Info_334,2025-05-06 18:12:47
206,30.834835,192.168.0.220,2421,10.0.0.96,TCP,3021,144,Info_660,2025-05-06 18:12:48
207,30.7607,192.168.0.100,8046,10.0.0.246,ICMP,278,16,Info_46,2025-05-06 18:12:49
208,26.156967,192.168.0.229,2583,10.0.0.93,TCP,2806,112,Info_606,2025-05-06 18:12:50
209,30.022686,192.168.0.40,7702,10.0.0.4,ICMP,440,29,Info_822,2025-05-06 18:12:51
210,27.494781,192.168.0.244,2653,10.0.0.92,TCP,2845,119,Info_224,2025-05-06 18:12:52
211,29.690235,192.168.0.48,7724,10.0.0.5,ICMP,437,28,Info_70,2025-05-06 18:12:53
212,24.46584,192.168.0.60,3056,10.0.0.107,TCP,2630,92,Info_2,2025-05-06 18:12:54
213,27.973526,192.168.0.26,7532,10.0.0.25,ICMP,543,41,Info_348,2025-05-06 18:12:55
214,26.090414,192.168.0.70,3037,10.0.0.118,TCP,2721,102,Info_776,2025-05-06 18:12:56
215,25.031609,192.168.0.64,7519,10.0.0.64,ICMP,723,46,Info_372,2025-05-06 18:12:57
216,37.816517,192.168.0.224,2215,10.0.0.143,TCP,3373,162,Info_586,2025-05-06 18:12:58
217,25.18925,192.168.0.196,8088,10.0.0.72,TCP,630,15,Info_758,2025-05-06 18:12:59
218,40.17473,192.168.0.193,2011,10.0.0.147,TCP,3492,169,Info_122,2025-05-06 18:13:00
219,26.699478,192.168.0.180,8165,10.0.0.41,TCP,434,14,Info_562,2025-05-06 18:13:01
220,33.412437,192.168.0.225,2419,10.0.0.125,TCP,3154,130,Info_724,2025-05-06 18:13:02
221,26.530678,192.168.0.103,7796,10.0.0.38,TCP,524,30,Info_122,2025-05-06 18:13:03
222,32.58682,192.168.0.11,2624,10.0.0.136,TCP,3081,122,Info_116,2025-05-06 18:13:04
223,23.814793,192.168.0.123,7724,10.0.0.71,TCP,683,36,Info_856,2025-05-06 18:13:05
224,34.772785,192.168.0.39,2632,10.0.0.164,TCP,3204,132,Info_586,2025-05-06 18:13:06
225,22.798796,192.168.0.161,7823,10.0.0.83,TCP,703,34,Info_914,2025-05-06 18:13:07
226,36.388844,192.168.0.33,2551,10.0.0.175,TCP,3294,137,Info_44,2025-05-06 18:13:08
227,20.188303,192.168.0.188,7764,10.0.0.114,TCP,824,43,Info_854,2025-05-06 18:13:09
228,43.323128,192.168.0.252,2074,10.0.0.213,UDP,3676,172,Info_886,2025-05-06 18:13:10
229,17.346258,192.168.0.52,8001,10.0.0.174,TCP,994,36,Info_778,2025-05-06 18:13:11
230,46.989735,192.168.0.249,1845,10.0.0.245,UDP,3888,193,Info_684,2025-05-06 18:13:12
231,19.822927,192.168.0.61,8184,10.0.0.151,TCP,845,30,Info_660,2025-05-06 18:13:13
232,42.326744,192.168.0.9,2211,10.0.0.217,TCP,3616,156,Info_766,2025-05-06 18:13:14
233,21.0803,192.168.0.226,7930,10.0.0.118,TCP,721,45,Info_742,2025-05-06 18:13:15
234,40.251797,192.168.0.39,2423,10.0.0.221,TCP,3510,141,Info_192,2025-05-06 18:13:16
235,16.010637,192.168.0.17,7781,10.0.0.185,TCP,1017,57,Info_872,2025-05-06 18:13:17
236,44.55237,192.168.0.100,2375,10.0.0.34,TCP,3732,161,Info_70,2025-05-06 18:13:18
237,13.714273,192.168.0.115,7940,10.0.0.245,TCP,1242,68,Info_180,2025-05-06 18:13:19
238,46.663277,192.168.0.103,2213,10.0.0.68,UDP,3922,177,Info_904,2025-05-06 18:13:20
239,13.758214,192.168.0.131,7981,10.0.0.252,TCP,1256,75,Info_408,2025-05-06 18:13:21
240,47.645958,192.168.0.79,1997,10.0.0.85,TCP,4040,179,Info_846,2025-05-06 18:13:22
241,12.591584,192.168.0.137,7913,10.0.0.20,TCP,1340,87,Info_596,2025-05-06 18:13:23
242,47.782166,192.168.0.92,2003,10.0.0.105,TCP,4079,176,Info_330,2025-05-06 18:13:24
243,13.683374,192.168.0.123,7931,10.0.0.7,TCP,1262,89,Info_138,2025-05-06 18:13:25
244,43.0299,192.168.0.125,2453,10.0.0.78,TCP,3748,137,Info_10,2025-05-06 18:13:26
245,14.065583,192.168.0.45,7701,10.0.0.236,TCP,1141,97,Info_188,2025-05-06 18:13:27
246,39.48744,192.168.0.163,2794,10.0.0.71,TCP,3538,113,Info_804,2025-05-06 18:13:28
247,10.884603,192.168.0.40,7469,10.0.0.29,ICMP,1372,118,Info_390,2025-05-06 18:13:29
248,41.30655,192.168.0.219,2783,10.0.0.134,TCP,3713,127,Info_8,2025-05-06 18:13:30
249,8.686693,192.168.0.95,7537,10.0.0.66,TCP,1568,117,Info_268,2025-05-06 18:13:31
250,39.56712,192.168.0.10,2994,10.0.0.161,TCP,3658,113,Info_438,2025-05-06 18:13:32
251,9.090264,192.168.0.71,7473,10.0.0.64,ICMP,1551,127,Info_646,2025-05-06 18:13:33
252,36.87026,192.168.0.26,3206,10.0.0.150,ICMP,3479,92,Info_78,2025-05-06 18:13:34
253,8.922537,192.168.0.29,7321,10.0.0.58,ICMP,1540,136,Info_852,2025-05-06 18:13:35
254,33.591835,192.168.0.73,3519,10.0.0.159,ICMP,3322,71,Info_650,2025-05-06 18:13:36
255,9.680303,192.168.0.24,7327,10.0.0.61,ICMP,1517,143,Info_134,2025-05-06 18:13:37
256,26.532728,192.168.0.173,4170,10.0.0.185,ICMP,3019,21,Info_818,2025-05-06 18:13:38
257,8.653434,192.168.0.235,7133,10.0.0.60,ICMP,1533,152,Info_132,2025-05-06 18:13:39
258,21.292297,192.168.0.19,4632,10.0.0.208,ICMP,2817,13,Info_214,2025-05-06 18:13:40
259,4.061206,192.168.0.209,6882,10.0.0.75,UDP,1696,153,Info_934,2025-05-06 18:13:41
260,24.047796,192.168.0.37,4564,10.0.0.246,ICMP,3018,3,Info_32,2025-05-06 18:13:42
261,2.2422745,192.168.0.238,6930,10.0.0.104,ICMP,1813,153,Info_116,2025-05-06 18:13:43
262,23.521595,192.168.0.63,4655,10.0.0.17,ICMP,3062,11,Info_324,2025-05-06 18:13:44
263,3.9422348,192.168.0.236,6973,10.0.0.100,ICMP,1785,160,Info_376,2025-05-06 18:13:45
264,18.717186,192.168.0.78,4891,10.0.0.7,UDP,2829,44,Info_852,2025-05-06 18:13:46
265,4.4695454,192.168.0.182,6798,10.0.0.80,UDP,1717,167,Info_376,2025-05-06 18:13:47
266,14.654665,192.168.0.115,5146,10.0.0.26,UDP,2652,79,Info_760,2025-05-06 18:13:48
267,2.7910545,192.168.0.161,6699,10.0.0.83,UDP,1780,169,Info_684,2025-05-06 18:13:49
268,10.652606,192.168.0.189,5544,10.0.0.52,UDP,2467,111,Info_536,2025-05-06 18:13:50
269,2.095659,192.168.0.148,6641,10.0.0.84,UDP,1812,171,Info_502,2025-05-06 18:13:51
270,7.8917427,192.168.0.228,5779,10.0.0.58,UDP,2326,131,Info_90,2025-05-06 18:13:52
271,0.5124971,192.168.0.114,6481,10.0.0.83,UDP,1903,171,Info_994,2025-05-06 18:13:53
272,12.269526,192.168.0.181,5440,10.0.0.69,UDP,2641,105,Info_680,2025-05-06 18:13:54
273,2.2727058,192.168.0.124,6469,10.0.0.97,UDP,2031,167,Info_478,2025-05-06 18:13:55
274,13.008325,192.168.0.169,5350,10.0.0.77,UDP,2737,101,Info_984,2025-05-06 18:13:56
275,1.2494876,192.168.0.139,6589,10.0.0.100,UDP,1911,182,Info_274,2025-05-06 18:13:57
276,7.754688,192.168.0.184,5623,10.0.0.56,UDP,2413,139,Info_344,2025-05-06 18:13:58
277,3.3595278,192.168.0.92,6452,10.0.0.81,UDP,1780,193,Info_220,2025-05-06 18:13:59
278,5.823092,192.168.0.182,5683,10.0.0.48,UDP,2293,154,Info_832,2025-05-06 18:14:00
279,1.5731289,192.168.0.68,6348,10.0.0.73,UDP,1853,192,Info_988,2025-05-06 18:14:01
280,7.4973507,192.168.0.178,5604,10.0.0.61,UDP,2443,145,Info_180,2025-05-06 18:14:02
281,1.0668113,192.168.0.81,6387,10.0.0.86,UDP,1921,193,Info_176,2025-05-06 18:14:03
282,8.350592,192.168.0.160,5494,10.0.0.65,UDP,2530,141,Info_12,2025-05-06 18:14:04
283,0.3934905,192.168.0.47,6244,10.0.0.79,UDP,2010,190,Info_130,2025-05-06 18:14:05
284,10.810892,192.168.0.105,5114,10.0.0.84,TCP,2715,129,Info_726,2025-05-06 18:14:06
285,5.856983,192.168.0.235,5823,10.0.0.92,UDP,2437,160,Info_758,2025-05-06 18:14:07
286,10.622482,192.168.0.131,5187,10.0.0.105,TCP,2750,133,Info_70,2025-05-06 18:14:08
287,5.7539744,192.168.0.222,5763,10.0.0.95,UDP,2457,163,Info_668,2025-05-06 18:14:09
288,5.2379293,192.168.0.171,5571,10.0.0.80,TCP,2432,167,Info_576,2025-05-06 18:14:10
289,0.96248835,192.168.0.210,5869,10.0.0.68,TCP,2149,191,Info_106,2025-05-06 18:14:11
290,2.9540226,192.168.0.160,5578,10.0.0.71,TCP,2288,181,Info_804,2025-05-06 18:14:12
291,3.854768,192.168.0.176,5590,10.0.0.86,TCP,2378,177,Info_556,2025-05-06 18:14:13
292,6.907205,192.168.0.169,5424,10.0.0.118,TCP,2607,164,Info_140,2025-05-06 18:14:14
293,7.6401515,192.168.0.199,5481,10.0.0.142,TCP,2692,160,Info_574,2025-05-06 18:14:15
294,8.257751,192.168.0.198,5415,10.0.0.157,TCP,2763,156,Info_576,2025-05-06 18:14:16
295,8.247344,192.168.0.195,5384,10.0.0.163,TCP,2781,157,Info_54,2025-05-06 18:14:17
296,9.108548,192.168.0.173,5240,10.0.0.171,TCP,2854,153,Info_176,2025-05-06 18:14:18
297,9.686046,192.168.0.166,5160,10.0.0.182,TCP,2915,150,Info_204,2025-05-06 18:14:19
298,9.698884,192.168.0.168,5143,10.0.0.191,TCP,2943,150,Info_444,2025-05-06 18:14:20
299,8.40991,192.168.0.181,5243,10.0.0.189,TCP,2869,160,Info_448,2025-05-06 18:14:21
300,6.7013426,192.168.0.182,5329,10.0.0.177,TCP,2750,173,Info_576,2025-05-06 18:14:22
301,5.1025195,192.168.0.175,5372,10.0.0.162,ICMP,2626,185,Info_484,2025-05-06 18:14:23
302,5.8892293,192.168.0.148,5221,10.0.0.165,ICMP,2681,183,Info_332,2025-05-06 18:14:24
303,8.536808,192.168.0.132,5014,10.0.0.192,ICMP,2891,167,Info_394,2025-05-06 18:14:25
304,11.057024,192.168.0.143,4856,10.0.0.4,ICMP,3102,151,Info_174,2025-05-06 18:14:26
305,12.463848,192.168.0.169,4779,10.0.0.56,ICMP,3259,142,Info_920,2025-05-06 18:14:27
306,12.962513,192.168.0.185,4726,10.0.0.91,ICMP,3344,140,Info_774,2025-05-06 18:14:28
307,13.384525,192.168.0.179,4642,10.0.0.105,ICMP,3379,139,Info_314,2025-05-06 18:14:29
308,13.838844,192.168.0.159,4535,10.0.0.107,UDP,3392,139,Info_978,2025-05-06 18:14:30
309,14.411049,192.168.0.140,4425,10.0.0.111,UDP,3422,139,Info_822,2025-05-06 18:14:31
310,14.668112,192.168.0.135,4363,10.0.0.124,UDP,3463,140,Info_48,2025-05-06 18:14:32
311,14.452295,192.168.0.144,4362,10.0.0.141,UDP,3494,142,Info_142,2025-05-06 18:14:33
312,13.986044,192.168.0.157,4394,10.0.0.154,UDP,3506,145,Info_352,2025-05-06 18:14:34
313,13.694792,192.168.0.161,4398,10.0.0.163,UDP,3517,148,Info_292,2025-05-06 18:14:35
314,13.89734,192.168.0.157,4334,10.0.0.178,UDP,3563,149,Info_824,2025-05-06 18:14:36
315,14.259605,192.168.0.160,4240,10.0.0.209,UDP,3654,149,Info_78,2025-05-06 18:14:37
316,14.300887,192.168.0.173,4166,10.0.0.250,UDP,3768,148,Info_832,2025-05-06 18:14:38
317,14.304535,192.168.0.186,4120,10.0.0.29,TCP,3890,147,Info_700,2025-05-06 18:14:39
318,13.713805,192.168.0.200,4130,10.0.0.51,TCP,3939,150,Info_622,2025-05-06 18:14:40
319,13.735466,192.168.0.193,4095,10.0.0.53,TCP,3947,151,Info_950,2025-05-06 18:14:41
320,14.085381,192.168.0.172,4037,10.0.0.42,TCP,3927,152,Info_246,2025-05-06 18:14:42
321,14.628797,192.168.0.147,3957,10.0.0.30,TCP,3931,152,Info_500,2025-05-06 18:14:43
322,14.6975565,192.168.0.138,3922,10.0.0.30,TCP,3943,153,Info_988,2025-05-06 18:14:44
323,14.282958,192.168.0.145,3930,10.0.0.42,TCP,3957,156,Info_598,2025-05-06 18:14:45
324,13.820879,192.168.0.160,3959,10.0.0.60,TCP,3974,161,Info_626,2025-05-06 18:14:46
325,13.4463,192.168.0.171,3980,10.0.0.73,TCP,3996,165,Info_664,2025-05-06 18:14:47
326,13.440733,192.168.0.171,3961,10.0.0.82,TCP,4026,166,Info_744,2025-05-06 18:14:48
327,13.966314,192.168.0.164,3891,10.0.0.92,TCP,4090,165,Info_954,2025-05-06 18:14:49
328,14.349203,192.168.0.164,3836,10.0.0.108,TCP,4170,165,Info_718,2025-05-06 18:14:50
329,14.168994,192.168.0.175,3832,10.0.0.129,TCP,4232,167,Info_334,2025-05-06 18:14:51
330,13.583724,192.168.0.188,3866,10.0.0.145,TCP,4250,172,Info_436,2025-05-06 18:14:52
331,12.818937,192.168.0.197,3923,10.0.0.149,TCP,4212,178,Info_960,2025-05-06 18:14:53
332,12.210242,192.168.0.192,3962,10.0.0.140,TCP,4135,185,Info_648,2025-05-06 18:14:54
333,11.926238,192.168.0.180,3962,10.0.0.128,ICMP,4070,190,Info_996,2025-05-06 18:14:55
334,11.853724,192.168.0.172,3946,10.0.0.126,ICMP,4052,193,Info_320,2025-05-06 18:14:56
335,11.641579,192.168.0.179,3952,10.0.0.139,ICMP,4079,196,Info_918,2025-05-06 18:14:57
336,11.041848,192.168.0.200,3998,10.0.0.163,ICMP,4118,200,Info_730,2025-05-06 18:14:58
337,10.128121,192.168.0.236,4090,10.0.0.193,ICMP,4134,207,Info_340,2025-05-06 18:14:59
338,9.880881,192.168.0.249,4106,10.0.0.211,ICMP,4160,210,Info_104,2025-05-06 18:15:00
339,9.742443,192.168.0.251,4104,10.0.0.220,ICMP,4167,213,Info_840,2025-05-06 18:15:01
340,10.200731,192.168.0.234,4034,10.0.0.220,ICMP,4198,213,Info_672,2025-05-06 18:15:02
341,10.342031,192.168.0.227,4000,10.0.0.225,ICMP,4216,214,Info_452,2025-05-06 18:15:03
342,10.259525,192.168.0.224,3988,10.0.0.230,ICMP,4220,217,Info_620,2025-05-06 18:15:04
343,9.819524,192.168.0.224,4010,10.0.0.230,ICMP,4186,221,Info_708,2025-05-06 18:15:05
344,9.324913,192.168.0.214,4020,10.0.0.219,ICMP,4123,225,Info_396,2025-05-06 18:15:06
345,8.956544,192.168.0.193,4005,10.0.0.202,ICMP,4056,229,Info_800,2025-05-06 18:15:07
346,8.775334,192.168.0.185,3999,10.0.0.197,UDP,4029,231,Info_332,2025-05-06 18:15:08
347,8.8574095,192.168.0.186,3980,10.0.0.207,UDP,4059,233,Info_360,2025-05-06 18:15:09
348,8.402853,192.168.0.222,4047,10.0.0.240,UDP,4089,238,Info_368,2025-05-06 18:15:10
349,7.823567,192.168.0.4,4120,10.0.0.18,UDP,4116,244,Info_944,2025-05-06 18:15:11
350,7.0877595,192.168.0.30,4183,10.0.0.39,UDP,4104,250,Info_516,2025-05-06 18:15:12
351,6.996004,192.168.0.25,4169,10.0.0.39,UDP,4094,252,Info_348,2025-05-06 18:15:13
352,7.1203156,192.168.0.7,4133,10.0.0.31,UDP,4078,253,Info_114,2025-05-06 18:15:14
353,7.1922345,192.168.0.248,4098,10.0.0.25,UDP,4066,254,Info_248,2025-05-06 18:15:15
354,6.9304867,192.168.0.248,4106,10.0.0.27,UDP,4049,257,Info_208,2025-05-06 18:15:16
355,6.2532587,192.168.0.6,4160,10.0.0.34,UDP,4011,262,Info_912,2025-05-06 18:15:17
356,5.4393334,192.168.0.17,4221,10.0.0.37,UDP,3957,267,Info_600,2025-05-06 18:15:18
357,4.6457453,192.168.0.20,4262,10.0.0.34,UDP,3903,271,Info_568,2025-05-06 18:15:19
358,4.2680783,192.168.0.16,4268,10.0.0.32,UDP,3877,274,Info_570,2025-05-06 18:15:20
359,4.311113,192.168.0.21,4264,10.0.0.42,UDP,3887,276,Info_124,2025-05-06 18:15:21
360,4.4662995,192.168.0.42,4274,10.0.0.66,UDP,3920,280,Info_400,2025-05-06 18:15:22
361,4.036717,192.168.0.79,4328,10.0.0.97,UDP,3923,287,Info_464,2025-05-06 18:15:23
362,3.4702942,192.168.0.103,4364,10.0.0.118,UDP,3916,293,Info_742,2025-05-06 18:15:24
363,3.1215475,192.168.0.107,4377,10.0.0.123,TCP,3890,296,Info_348,2025-05-06 18:15:25
364,3.2030747,192.168.0.90,4348,10.0.0.112,TCP,3872,296,Info_44,2025-05-06 18:15:26
365,3.2692478,192.168.0.70,4312,10.0.0.102,TCP,3863,295,Info_816,2025-05-06 18:15:27
366,2.9767797,192.168.0.67,4311,10.0.0.102,TCP,3840,298,Info_142,2025-05-06 18:15:28
367,2.5357053,192.168.0.82,4349,10.0.0.112,TCP,3813,302,Info_792,2025-05-06 18:15:29
368,1.7888234,192.168.0.110,4425,10.0.0.126,TCP,3767,308,Info_40,2025-05-06 18:15:30
369,1.1100338,192.168.0.132,4488,10.0.0.137,TCP,3721,314,Info_446,2025-05-06 18:15:31
370,0.65324754,192.168.0.146,4524,10.0.0.145,TCP,3689,318,Info_504,2025-05-06 18:15:32
371,0.39148778,192.168.0.157,4534,10.0.0.156,TCP,3675,321,Info_832,2025-05-06 18:15:33
372,0.09048432,192.168.0.172,4541,10.0.0.173,TCP,3669,326,Info_938,2025-05-06 18:15:34
373,0.2769664,192.168.0.188,4548,10.0.0.191,TCP,3674,330,Info_70,2025-05-06 18:15:35
374,1.0108902,192.168.0.213,4596,10.0.0.210,TCP,3651,335,Info_90,2025-05-06 18:15:36
375,1.2558296,192.168.0.214,4605,10.0.0.210,TCP,3620,337,Info_656,2025-05-06 18:15:37
376,0.9395197,192.168.0.189,4574,10.0.0.191,TCP,3594,336,Info_418,2025-05-06 18:15:38
377,0.70691854,192.168.0.165,4545,10.0.0.174,TCP,3579,335,Info_754,2025-05-06 18:15:39
378,0.69382936,192.168.0.153,4529,10.0.0.168,TCP,3567,335,Info_860,2025-05-06 18:15:40
379,1.0054424,192.168.0.163,4549,10.0.0.175,TCP,3545,338,Info_644,2025-05-06 18:15:41
380,1.549156,192.168.0.187,4597,10.0.0.189,TCP,3515,344,Info_410,2025-05-06 18:15:42
381,2.418132,192.168.0.221,4672,10.0.0.210,TCP,3475,349,Info_286,2025-05-06 18:15:43
382,2.971156,192.168.0.241,4709,10.0.0.224,TCP,3451,353,Info_430,2025-05-06 18:15:44
383,2.9466465,192.168.0.236,4687,10.0.0.225,TCP,3450,354,Info_406,2025-05-06 18:15:45
384,2.7331069,192.168.0.224,4640,10.0.0.224,ICMP,3462,354,Info_914,2025-05-06 18:15:46
385,2.693422,192.168.0.219,4608,10.0.0.229,ICMP,3470,354,Info_532,2025-05-06 18:15:47
386,2.973564,192.168.0.227,4616,10.0.0.237,ICMP,3458,357,Info_382,2025-05-06 18:15:48
387,3.2829478,192.168.0.233,4641,10.0.0.239,ICMP,3426,359,Info_682,2025-05-06 18:15:49
388,3.333576,192.168.0.222,4651,10.0.0.226,ICMP,3388,360,Info_344,2025-05-06 18:15:50
389,3.1275108,192.168.0.193,4632,10.0.0.201,ICMP,3354,360,Info_118,2025-05-06 18:15:51
390,3.4820392,192.168.0.182,4648,10.0.0.188,ICMP,3305,361,Info_864,2025-05-06 18:15:52
391,3.6915853,192.168.0.188,4667,10.0.0.191,ICMP,3287,363,Info_978,2025-05-06 18:15:53
392,4.562052,192.168.0.240,4770,10.0.0.223,ICMP,3258,369,Info_782,2025-05-06 18:15:54
393,5.937286,192.168.0.55,4904,10.0.0.12,ICMP,3217,376,Info_50,2025-05-06 18:15:55
394,6.939538,192.168.0.102,4989,10.0.0.43,ICMP,3183,382,Info_192,2025-05-06 18:15:56
395,7.3168592,192.168.0.116,5013,10.0.0.53,ICMP,3167,384,Info_986,2025-05-06 18:15:57
396,7.213445,192.168.0.105,4990,10.0.0.49,ICMP,3171,385,Info_394,2025-05-06 18:15:58
397,7.049616,192.168.0.92,4960,10.0.0.44,ICMP,3175,384,Info_906,2025-05-06 18:15:59
398,7.070275,192.168.0.86,4952,10.0.0.42,ICMP,3168,385,Info_988,2025-05-06 18:16:00
399,7.203253,192.168.0.84,4966,10.0.0.38,ICMP,3144,386,Info_164,2025-05-06 18:16:01
400,7.1591215,192.168.0.68,4972,10.0.0.22,ICMP,3113,386,Info_648,2025-05-06 18:16:02
401,7.013877,192.168.0.32,4947,10.0.0.247,ICMP,3077,384,Info_988,2025-05-06 18:16:03
402,6.6597896,192.168.0.241,4894,10.0.0.214,ICMP,3054,382,Info_74,2025-05-06 18:16:04
403,6.476577,192.168.0.222,4863,10.0.0.202,ICMP,3047,381,Info_36,2025-05-06 18:16:05
404,6.801422,192.168.0.251,4897,10.0.0.226,ICMP,3052,385,Info_470,2025-05-06 18:16:06
405,7.5036364,192.168.0.54,4974,10.0.0.14,ICMP,3056,390,Info_950,2025-05-06 18:16:07
406,8.152051,192.168.0.98,5033,10.0.0.47,ICMP,3052,395,Info_870,2025-05-06 18:16:08
407,8.239062,192.168.0.99,5024,10.0.0.52,ICMP,3052,397,Info_820,2025-05-06 18:16:09
408,7.6424437,192.168.0.57,4943,10.0.0.30,ICMP,3068,395,Info_134,2025-05-06 18:16:10
409,6.8419175,192.168.0.253,4829,10.0.0.252,ICMP,3084,392,Info_146,2025-05-06 18:16:11
410,6.2221127,192.168.0.205,4738,10.0.0.227,ICMP,3093,390,Info_668,2025-05-06 18:16:12
411,6.055792,192.168.0.187,4706,10.0.0.216,ICMP,3088,390,Info_808,2025-05-06 18:16:13
412,6.1436253,192.168.0.184,4712,10.0.0.214,ICMP,3071,391,Info_190,2025-05-06 18:16:14
413,6.1825113,192.168.0.177,4711,10.0.0.208,ICMP,3055,391,Info_248,2025-05-06 18:16:15
414,6.1748223,192.168.0.168,4695,10.0.0.204,ICMP,3053,391,Info_508,2025-05-06 18:16:16
415,5.8661776,192.168.0.157,4646,10.0.0.207,ICMP,3087,392,Info_614,2025-05-06 18:16:17
416,5.4793553,192.168.0.159,4597,10.0.0.221,UDP,3141,393,Info_364,2025-05-06 18:16:18
417,5.5389004,192.168.0.187,4594,10.0.0.252,UDP,3188,397,Info_976,2025-05-06 18:16:19
418,5.686255,192.168.0.205,4584,10.0.0.20,UDP,3213,401,Info_378,2025-05-06 18:16:20
419,5.391224,192.168.0.186,4523,10.0.0.18,UDP,3241,401,Info_418,2025-05-06 18:16:21
420,4.372068,192.168.0.120,4370,10.0.0.243,UDP,3294,398,Info_540,2025-05-06 18:16:22
421,4.1033463,192.168.0.76,4288,10.0.0.221,UDP,3310,395,Info_698,2025-05-06 18:16:23
422,3.8610413,192.168.0.48,4219,10.0.0.212,UDP,3338,394,Info_628,2025-05-06 18:16:24
423,3.646691,192.168.0.38,4176,10.0.0.214,UDP,3365,395,Info_874,2025-05-06 18:16:25
424,3.553994,192.168.0.42,4168,10.0.0.221,UDP,3379,397,Info_708,2025-05-06 18:16:26
425,3.595729,192.168.0.49,4179,10.0.0.227,UDP,3377,398,Info_734,2025-05-06 18:16:27
426,3.5146072,192.168.0.45,4163,10.0.0.228,UDP,3386,399,Info_32,2025-05-06 18:16:28
427,3.119786,192.168.0.31,4117,10.0.0.227,UDP,3422,399,Info_650,2025-05-06 18:16:29
428,2.5002434,192.168.0.16,4062,10.0.0.227,UDP,3476,399,Info_820,2025-05-06 18:16:30
429,1.9703939,192.168.0.9,4024,10.0.0.231,UDP,3518,399,Info_494,2025-05-06 18:16:31
430,1.7527058,192.168.0.10,4015,10.0.0.235,UDP,3532,400,Info_306,2025-05-06 18:16:32
431,1.8930151,192.168.0.10,4021,10.0.0.236,UDP,3523,401,Info_538,2025-05-06 18:16:33
432,2.2289946,192.168.0.2,4018,10.0.0.231,UDP,3500,402,Info_482,2025-05-06 18:16:34
433,2.870436,192.168.0.248,4025,10.0.0.223,UDP,3448,403,Info_134,2025-05-06 18:16:35
434,3.0222251,192.168.0.233,4004,10.0.0.214,UDP,3435,403,Info_116,2025-05-06 18:16:36
435,2.981384,192.168.0.230,4000,10.0.0.215,UDP,3435,403,Info_608,2025-05-06 18:16:37
436,2.8202012,192.168.0.241,4015,10.0.0.222,UDP,3443,405,Info_790,2025-05-06 18:16:38
437,2.7608945,192.168.0.2,4047,10.0.0.232,UDP,3440,406,Info_180,2025-05-06 18:16:39
438,2.8018072,192.168.0.12,4072,10.0.0.237,UDP,3431,408,Info_26,2025-05-06 18:16:40
439,2.7789786,192.168.0.9,4066,10.0.0.236,UDP,3430,408,Info_828,2025-05-06 18:16:41
440,2.5122359,192.168.0.248,4025,10.0.0.232,UDP,3452,408,Info_792,2025-05-06 18:16:42
441,2.2127225,192.168.0.234,3984,10.0.0.230,UDP,3477,409,Info_562,2025-05-06 18:16:43
442,1.9086912,192.168.0.221,3944,10.0.0.229,UDP,3502,409,Info_240,2025-05-06 18:16:44
443,1.9324138,192.168.0.214,3929,10.0.0.227,UDP,3499,410,Info_640,2025-05-06 18:16:45
444,2.4310186,192.168.0.212,3944,10.0.0.222,UDP,3457,411,Info_108,2025-05-06 18:16:46
445,2.9368951,192.168.0.202,3945,10.0.0.212,UDP,3413,411,Info_956,2025-05-06 18:16:47
446,3.107567,192.168.0.193,3944,10.0.0.203,UDP,3392,410,Info_836,2025-05-06 18:16:48
447,3.0345275,192.168.0.190,3934,10.0.0.204,UDP,3397,411,Info_346,2025-05-06 18:16:49
448,2.7097418,192.168.0.193,3916,10.0.0.211,UDP,3424,412,Info_708,2025-05-06 18:16:50
449,2.4099782,192.168.0.209,3940,10.0.0.222,UDP,3444,414,Info_790,2025-05-06 18:16:51
450,2.29785,192.168.0.219,3958,10.0.0.229,UDP,3449,415,Info_872,2025-05-06 18:16:52
451,2.3930385,192.168.0.218,3958,10.0.0.229,UDP,3440,416,Info_324,2025-05-06 18:16:53
452,2.4324372,192.168.0.203,3926,10.0.0.222,UDP,3438,416,Info_386,2025-05-06 18:16:54
453,2.3454978,192.168.0.186,3885,10.0.0.216,UDP,3446,416,Info_394,2025-05-06 18:16:55
454,2.2644355,192.168.0.181,3870,10.0.0.216,UDP,3452,416,Info_42,2025-05-06 18:16:56
455,2.2915437,192.168.0.182,3871,10.0.0.217,UDP,3448,416,Info_118,2025-05-06 18:16:57
456,2.7163699,192.168.0.188,3902,10.0.0.216,UDP,3410,417,Info_928,2025-05-06 18:16:58
457,3.3112838,192.168.0.195,3940,10.0.0.212,UDP,3358,418,Info_996,2025-05-06 18:16:59
458,3.599377,192.168.0.193,3960,10.0.0.207,UDP,3327,417,Info_996,2025-05-06 18:17:00
459,3.5682633,192.168.0.190,3953,10.0.0.206,UDP,3327,417,Info_110,2025-05-06 18:17:01
460,3.17467,192.168.0.190,3926,10.0.0.211,UDP,3360,418,Info_438,2025-05-06 18:17:02
461,2.6413515,192.168.0.193,3919,10.0.0.217,UDP,3395,420,Info_676,2025-05-06 18:17:03
462,2.6132777,192.168.0.211,3961,10.0.0.227,UDP,3390,421,Info_360,2025-05-06 18:17:04
463,2.7071073,192.168.0.216,3974,10.0.0.228,UDP,3378,422,Info_856,2025-05-06 18:17:05
464,2.9938176,192.168.0.208,3967,10.0.0.222,UDP,3354,422,Info_778,2025-05-06 18:17:06
465,3.3181145,192.168.0.198,3957,10.0.0.215,UDP,3326,422,Info_344,2025-05-06 18:17:07
466,3.577502,192.168.0.198,3965,10.0.0.212,UDP,3302,421,Info_922,2025-05-06 18:17:08
467,3.7351801,192.168.0.203,3988,10.0.0.212,UDP,3281,422,Info_832,2025-05-06 18:17:09
468,4.097219,192.168.0.217,4041,10.0.0.213,UDP,3239,423,Info_862,2025-05-06 18:17:10
469,4.5939283,192.168.0.239,4121,10.0.0.215,UDP,3185,424,Info_862,2025-05-06 18:17:11
470,4.9346046,192.168.0.251,4175,10.0.0.214,UDP,3145,424,Info_624,2025-05-06 18:17:12
471,5.0624804,192.168.0.6,4204,10.0.0.216,UDP,3126,425,Info_508,2025-05-06 18:17:13
472,4.9985247,192.168.0.20,4227,10.0.0.224,UDP,3129,426,Info_542,2025-05-06 18:17:14
473,4.865666,192.168.0.42,4261,10.0.0.238,UDP,3137,428,Info_168,2025-05-06 18:17:15
474,4.7707157,192.168.0.61,4306,10.0.0.246,UDP,3134,430,Info_378,2025-05-06 18:17:16
475,5.1210003,192.168.0.74,4352,10.0.0.248,UDP,3099,431,Info_304,2025-05-06 18:17:17
476,5.615814,192.168.0.71,4376,10.0.0.240,UDP,3051,431,Info_140,2025-05-06 18:17:18
477,5.9581,192.168.0.53,4371,10.0.0.224,UDP,3005,430,Info_176,2025-05-06 18:17:19
478,6.2661486,192.168.0.40,4369,10.0.0.211,UDP,2958,430,Info_152,2025-05-06 18:17:20
479,6.432362,192.168.0.44,4390,10.0.0.209,UDP,2931,431,Info_624,2025-05-06 18:17:21
480,6.495102,192.168.0.62,4431,10.0.0.217,UDP,2921,432,Info_650,2025-05-06 18:17:22
481,6.6691594,192.168.0.88,4495,10.0.0.227,UDP,2897,434,Info_940,2025-05-06 18:17:23
482,6.9192605,192.168.0.107,4550,10.0.0.232,UDP,2863,435,Info_914,2025-05-06 18:17:24
483,7.076283,192.168.0.113,4574,10.0.0.232,UDP,2838,436,Info_914,2025-05-06 18:17:25
484,6.9759207,192.168.0.111,4562,10.0.0.233,UDP,2845,436,Info_954,2025-05-06 18:17:26
485,6.6721992,192.168.0.110,4539,10.0.0.239,UDP,2876,437,Info_926,2025-05-06 18:17:27
486,6.502493,192.168.0.118,4541,10.0.0.246,UDP,2891,437,Info_608,2025-05-06 18:17:28
487,6.61989,192.168.0.127,4568,10.0.0.248,UDP,2870,438,Info_360,2025-05-06 18:17:29
488,7.0591884,192.168.0.128,4601,10.0.0.240,UDP,2815,439,Info_138,2025-05-06 18:17:30
489,7.872482,192.168.0.124,4650,10.0.0.224,UDP,2718,439,Info_864,2025-05-06 18:17:31
490,8.29428,192.168.0.111,4660,10.0.0.207,ICMP,2659,439,Info_356,2025-05-06 18:17:32
491,8.407648,192.168.0.109,4671,10.0.0.201,ICMP,2637,438,Info_542,2025-05-06 18:17:33
492,8.281215,192.168.0.123,4696,10.0.0.209,ICMP,2643,439,Info_402,2025-05-06 18:17:34
493,8.076914,192.168.0.148,4735,10.0.0.223,ICMP,2656,440,Info_504,2025-05-06 18:17:35
494,8.10047,192.168.0.175,4788,10.0.0.238,ICMP,2653,441,Info_854,2025-05-06 18:17:36
495,8.286543,192.168.0.194,4827,10.0.0.247,ICMP,2644,442,Info_94,2025-05-06 18:17:37
496,8.233746,192.168.0.191,4817,10.0.0.247,ICMP,2647,443,Info_428,2025-05-06 18:17:38
497,8.099254,192.168.0.182,4790,10.0.0.246,ICMP,2657,443,Info_42,2025-05-06 18:17:39
498,8.043106,192.168.0.182,4778,10.0.0.250,ICMP,2669,444,Info_390,2025-05-06 18:17:40
499,8.130892,192.168.0.191,4793,10.0.0.1,ICMP,2667,445,Info_998,2025-05-06 18:17:41
500,8.256634,192.168.0.193,4813,10.0.0.251,ICMP,2643,445,Info_928,2025-05-06 18:17:42
501,8.231385,192.168.0.172,4808,10.0.0.229,ICMP,2602,443,Info_362,2025-05-06 18:17:43
502,8.532829,192.168.0.157,4818,10.0.0.212,ICMP,2556,441,Info_194,2025-05-06 18:17:44
503,8.5803585,192.168.0.151,4815,10.0.0.207,ICMP,2551,441,Info_152,2025-05-06 18:17:45
504,8.320363,192.168.0.161,4817,10.0.0.217,ICMP,2568,442,Info_402,2025-05-06 18:17:46
505,8.479984,192.168.0.208,4875,10.0.0.250,ICMP,2594,445,Info_980,2025-05-06 18:17:47
506,8.996291,192.168.0.18,4974,10.0.0.39,ICMP,2605,449,Info_376,2025-05-06 18:17:48
507,9.100957,192.168.0.48,5022,10.0.0.59,ICMP,2614,451,Info_602,2025-05-06 18:17:49
508,9.126372,192.168.0.42,5014,10.0.0.54,ICMP,2603,451,Info_656,2025-05-06 18:17:50
509,8.948977,192.168.0.7,4952,10.0.0.33,ICMP,2593,450,Info_258,2025-05-06 18:17:51
510,8.624871,192.168.0.224,4890,10.0.0.11,ICMP,2594,449,Info_446,2025-05-06 18:17:52
511,8.539219,192.168.0.209,4873,10.0.0.1,ICMP,2591,448,Info_340,2025-05-06 18:17:53
512,8.667631,192.168.0.213,4896,10.0.0.0,ICMP,2573,448,Info_468,2025-05-06 18:17:54
513,8.826025,192.168.0.216,4927,10.0.0.250,ICMP,2545,447,Info_474,2025-05-06 18:17:55
514,8.857818,192.168.0.207,4937,10.0.0.238,ICMP,2521,445,Info_672,2025-05-06 18:17:56
515,8.750553,192.168.0.195,4924,10.0.0.230,ICMP,2516,445,Info_676,2025-05-06 18:17:57
516,8.650203,192.168.0.198,4913,10.0.0.237,ICMP,2536,446,Info_726,2025-05-06 18:17:58
517,8.68804,192.168.0.223,4921,10.0.0.7,ICMP,2569,449,Info_604,2025-05-06 18:17:59
518,8.610709,192.168.0.250,4934,10.0.0.34,ICMP,2605,452,Info_700,2025-05-06 18:18:00
519,8.357353,192.168.0.252,4922,10.0.0.42,ICMP,2635,454,Info_44,2025-05-06 18:18:01
520,8.068414,192.168.0.219,4857,10.0.0.27,ICMP,2649,453,Info_184,2025-05-06 18:18:02
